problem,mixer,N,p,mean_q,std_q,n_inst,reps,mean_se_binom_sq,se_inst,se_binom,se_total
MaxClique,Grover,4,2,0.9999649999999999,0.0001106797181058966,10,100000.0,3.4987750000051654e-10,3.500000000000105e-05,1.87050126971493e-05,3.9684726281033986e-05
MaxClique,Grover,4,3,0.45835099999999995,0.01116120110024006,10,100000.0,2.4815324563000003e-06,0.0035294816899935876,0.0015752880550235885,0.00386507095100465
MaxClique,Grover,4,4,0.19778999999999997,0.013495339936437315,10,100000.0,1.5850520411999996e-06,0.004267601199737387,0.0012589884992326179,0.004449435024944177
MaxClique,Grover,4,5,0.08172599999999997,0.010211730944795275,10,100000.0,7.495300941999997e-07,0.0032292328638376237,0.0008657540610358115,0.003343273094302788
MaxClique,Grover,4,6,0.032373999999999944,0.0056029698474211725,10,100000.0,3.129767017999995e-07,0.0017718146379097006,0.0005594432069477648,0.00185803762419147
MaxClique,Grover,4,7,0.01227399999999997,0.0027295958186759734,10,100000.0,1.2116643299999973e-07,0.0008631739878688048,0.00034808969102804484,0.0009307178768742628
MaxClique,Grover,4,8,0.00443699999999993,0.0010872396240019688,10,100000.0,4.4162491499999303e-08,0.0003438153574231294,0.00021014873661290306,0.0004029534607122683
MaxClique,Grover,4,9,0.0015669999999999601,0.0004437228864956237,10,100000.0,1.56436730999996e-08,0.00014031749712705403,0.00012507467009750456,0.00018796987285200895
MaxClique,Grover,4,10,0.00053499999999998,0.0002002914543026204,10,100000.0,5.346776699999801e-09,6.333771914638123e-05,7.312165684665386e-05,9.673904778663924e-05
MaxClique,Grover,4,11,0.00017199999999999,7.641989269815695e-05,10,100000.0,1.7196515999999004e-09,2.4166091947184637e-05,4.146868215894858e-05,4.799637069612329e-05
MaxClique,Grover,4,12,5.6000000000000006e-05,2.9888682361946524e-05,10,100000.0,5.599606e-10,9.451631252505215e-06,2.3663486640814367e-05,2.548124669896144e-05
MaxClique,Grover,6,2,0.9999549999999999,0.00011806307165624977,10,100000.0,4.4985430000061643e-10,3.733482139894172e-05,2.1209768975654037e-05,4.2938830781607145e-05
MaxClique,Grover,6,3,0.46791,0.005742293386211955,10,100000.0,2.4894055536e-06,0.0018158726093350699,0.0015777850150131354,0.0024055766225446564
MaxClique,Grover,6,4,0.20952699999999994,0.008628268849157015,10,100000.0,1.6555843394999994e-06,0.002728498182761596,0.0012866951229797987,0.003016668140984906
MaxClique,Grover,6,5,0.09105799999999993,0.007720896321023861,10,100000.0,8.271278961999994e-07,0.002441561795244998,0.0009094657201896063,0.0026054465828721143
MaxClique,Grover,6,6,0.038666999999999924,0.005207812613969724,10,100000.0,3.714745392999993e-07,0.001646854948749955,0.0006094871116766944,0.0017560198636468257
MaxClique,Grover,6,7,0.0162199999999999,0.003129032509330081,10,100000.0,1.5948099839999902e-07,0.0009894869602195121,0.0003993507210460487,0.0010670358207878728
MaxClique,Grover,6,8,0.0067849999999999204,0.0018117839581779703,10,100000.0,6.73600946999992e-08,0.0005729363935997637,0.0002595382335995974,0.0006289802904790439
MaxClique,Grover,6,9,0.00284699999999992,0.0009426210502871712,10,100000.0,2.8380949099999212e-08,0.0002980829489327576,0.00016846646283459274,0.00034239508399573756
MaxClique,Grover,6,10,0.00119299999999995,0.00046257852186295406,10,100000.0,1.1913841699999501e-08,0.00014628017257609297,0.0001091505460361949,0.00018251501469438355
MaxClique,Grover,6,11,0.00047599999999997005,0.00024309120373500182,10,100000.0,4.7572023999997e-09,7.687218829546363e-05,6.897247566964448e-05,0.00010327892201864287
MaxClique,Grover,6,12,0.00020299999999999,0.00011304374767712455,10,100000.0,2.0294728999999e-09,3.574757179010821e-05,4.5049671474938635e-05,5.750966691686572e-05
MaxClique,Grover,8,2,0.999814,0.00011177358065898001,10,100000.0,1.8595416000001949e-09,3.534590971149209e-05,4.3122402530473585e-05,5.575728592151115e-05
MaxClique,Grover,8,3,0.482795,0.013151695496948088,10,100000.0,2.4954831758999997e-06,0.004158931286333601,0.0015797098391476833,0.004448841716710594
MaxClique,Grover,8,4,0.22968299999999994,0.017206361904830415,10,100000.0,1.7666226650999998e-06,0.005441129386441746,0.001329143583327249,0.005601117001554238
MaxClique,Grover,8,5,0.10790799999999993,0.01492043922499153,10,100000.0,9.606350597999993e-07,0.004718257164109072,0.0009801199211321027,0.004818981814290917
MaxClique,Grover,8,6,0.050687999999999955,0.010433048771412276,10,100000.0,4.802076299999995e-07,0.0032992197057284196,0.0006929701508723153,0.0033712102124706968
MaxClique,Grover,8,7,0.02359899999999991,0.0066290764397798985,10,100000.0,2.3002537009999914e-07,0.002096298033306451,0.0004796096017595969,0.0021504629302883816
MaxClique,Grover,8,8,0.01118399999999994,0.0040205505427324964,10,100000.0,1.1044369799999944e-07,0.0012714097162860826,0.0003323307057736306,0.0013141257035256012
MaxClique,Grover,8,9,0.005292999999999931,0.0023143708048240846,10,100000.0,5.26016346999993e-08,0.0007318683093441115,0.00022935046261126073,0.0007669633999886875
MaxClique,Grover,8,10,0.00249999999999994,0.0013258791632557053,10,100000.0,2.4921678399999404e-08,0.000419279805804626,0.00015786601407522584,0.0004480147697962248
MaxClique,Grover,8,11,0.0011939999999999401,0.0007525541693312413,10,100000.0,1.1920646599999402e-08,0.0002379785237742756,0.0001091817136703734,0.0002618289983515631
MaxClique,Grover,8,12,0.00054799999999996,0.0004304209825533721,10,100000.0,5.475329599999601e-09,0.00013611106575962521,7.39954701316209e-05,0.0001549243422520187
MaxClique,X,4,2,1.0,9.791246743253677e-17,10,100000.0,7.771561172376094e-22,3.09626408413875e-17,2.787751992623464e-11,2.7877519926251832e-11
MaxClique,X,4,3,0.34845899999999996,0.004246474223792423,10,100000.0,2.2701909602999997e-06,0.0013428530572379637,0.0015067152884005656,0.0020182778038796705
MaxClique,X,4,4,0.09910399999999991,0.003293084336066178,10,100000.0,8.927263721999994e-07,0.0010413647028992494,0.0009448419826616509,0.0014061176396889562
MaxClique,X,4,5,0.02459399999999997,0.00150954886564755,10,100000.0,2.398708429999997e-07,0.00047736126547697654,0.0004897661105058206,0.000683918577593693
MaxClique,X,4,6,0.005553999999999911,0.0005478077521661176,10,100000.0,5.52288299999991e-08,0.00017323202167419697,0.00023500814879488563,0.0002919557557804411
MaxClique,X,4,7,0.0011469999999999,0.0002248480968713589,10,100000.0,1.1456388899999002e-08,7.110321136676739e-05,0.00010703452200107684,0.0001284992434478359
MaxClique,X,4,8,0.00022399999999995001,6.883151732874669e-05,10,100000.0,2.2394555999995003e-09,2.176643695641883e-05,4.732288664060446e-05,5.208870681613487e-05
MaxClique,X,4,9,4.5e-05,2.5495097567963924e-05,10,100000.0,4.499739e-10,8.06225774829855e-06,2.1212588243776382e-05,2.2693036376827143e-05
MaxClique,X,4,10,9e-06,7.378647873726219e-06,10,100000.0,8.999869999999999e-11,2.3333333333333336e-06,9.486764464241747e-06,9.769500726467265e-06
MaxClique,X,4,11,1.0000000000000002e-06,3.1622776601683796e-06,10,100000.0,9.9999e-12,1e-06,3.1622618487405498e-06,3.316609714753908e-06
MaxClique,X,4,12,1.0000000000000002e-06,3.1622776601683796e-06,10,100000.0,9.9999e-12,1e-06,3.1622618487405498e-06,3.316609714753908e-06
MaxClique,X,6,2,1.0,9.791246743253677e-17,10,100000.0,5.551115123125781e-22,3.09626408413875e-17,2.3560804576936207e-11,2.356080457695655e-11
MaxClique,X,6,3,0.349614,0.006632286684595784,10,100000.0,2.2734446249999997e-06,0.0020973132018529453,0.001507794622951017,0.0025830538692924415
MaxClique,X,6,4,0.10087499999999996,0.004598442369131365,10,100000.0,9.068020326999997e-07,0.001454155157547587,0.0009522615358713171,0.0017382086338878445
MaxClique,X,6,5,0.02556499999999992,0.0019098705598954659,10,100000.0,2.490814792999992e-07,0.0006039541005370706,0.0004990806340662791,0.0007834807176028911
MaxClique,X,6,6,0.00596599999999989,0.0006865728091194644,10,100000.0,5.929982599999892e-08,0.00021711338563575313,0.0002435155559712745,0.00032624844554758907
MaxClique,X,6,7,0.00137999999999995,0.0002929163703175704,10,100000.0,1.3780183799999503e-08,9.26282894152861e-05,0.00011738902759627708,0.00014953321972057415
MaxClique,X,6,8,0.00028999999999998005,7.803133273815078e-05,10,100000.0,2.8991041999998004e-09,2.467567403110197e-05,5.384333013475114e-05,5.9228313236905546e-05
MaxClique,X,6,9,6.3e-05,4.0290610982378184e-05,10,100000.0,6.299457e-10,1.2741009902410928e-05,2.5098719090822145e-05,2.8147451631246002e-05
MaxClique,X,6,10,1.4000000000000001e-05,1.837873166945363e-05,10,100000.0,1.39995e-10,5.8118652580542315e-06,1.183194827574901e-05,1.3182290308507765e-05
MaxClique,X,6,11,4.000000000000001e-06,8.432740427115678e-06,10,100000.0,3.99992e-11,2.6666666666666664e-06,6.324492074467324e-06,6.86369514992552e-06
MaxClique,X,6,12,0.0,0.0,10,100000.0,0.0,0.0,0.0,1e-16
MaxClique,X,8,2,0.9999999999999998,9.064933036736789e-17,10,100000.0,1.1102230246251563e-21,2.866583523299505e-17,3.3320009373125277e-11,3.332000937313761e-11
MaxClique,X,8,3,0.3553969999999999,0.0089909967930888,10,100000.0,2.2901721816999998e-06,0.0028432028301430255,0.0015133314844078278,0.0032208654916083207
MaxClique,X,8,4,0.10749299999999992,0.006601521794253173,10,100000.0,9.589903286999996e-07,0.0020875844893081482,0.0009792805158380308,0.0023058619491851547
MaxClique,X,8,5,0.029513999999999964,0.003376619611386498,10,100000.0,2.863266239999996e-07,0.0010677808763973956,0.0005350949672721652,0.0011943544800435044
MaxClique,X,8,6,0.007640999999999889,0.0011154416165806405,10,100000.0,7.581495329999892e-08,0.0003527336105335062,0.00027534515303523853,0.000447477321548257
MaxClique,X,8,7,0.00191699999999992,0.00034833094098062897,10,100000.0,1.9132159099999204e-08,0.00011015191530084732,0.00013831904821823784,0.00017682082327724936
MaxClique,X,8,8,0.00046299999999991,0.00011165920373068793,10,100000.0,4.6277440999991005e-09,3.5309740550974415e-05,6.8027524576447e-05,7.664542959483121e-05
MaxClique,X,8,9,0.000109,3.4140233677518316e-05,10,100000.0,1.0898707e-09,1.0796089827134432e-05,3.3013189788325515e-05,3.473364731144076e-05
MaxClique,X,8,10,2.9e-05,1.6633299933166202e-05,10,100000.0,2.899891e-10,5.259911279353167e-06,1.7029066327899484e-05,1.7822900063308068e-05
MaxClique,X,8,11,7.000000000000001e-06,8.232726023485645e-06,10,100000.0,6.99989e-11,2.603416558635551e-06,8.366534527508985e-06,8.762230182880257e-06
MaxClique,X,8,12,2.0000000000000003e-06,4.216370213557839e-06,10,100000.0,1.99998e-11,1.3333333333333332e-06,4.472113594263902e-06,4.666645238046039e-06
MaxCut,Grover,4,2,0.9999889999999999,1.5951314818668568e-05,10,100000.0,1.099965000007206e-10,5.044248650138843e-06,1.0487921624455466e-05,1.1637909797087625e-05
MaxCut,Grover,4,3,0.39934699999999995,0.04589499296098531,10,100000.0,2.3797325825e-06,0.014513271095410885,0.0015426381891098118,0.01459502553856584
MaxCut,Grover,4,4,0.14388799999999996,0.038711647342886346,10,100000.0,1.2183551097999997e-06,0.01224169775807261,0.0011037912437594347,0.012291359530572685
MaxCut,Grover,4,5,0.04812899999999994,0.02032625639139898,10,100000.0,4.544075832999996e-07,0.006427726650137573,0.0006740976066564839,0.00646297744636238
MaxCut,Grover,4,6,0.01553299999999995,0.008653573507195991,10,100000.0,1.5224330009999952e-07,0.0027365002182430814,0.00039018367482507456,0.0027641774082978886
MaxCut,Grover,4,7,0.00486299999999994,0.0031501606660966374,10,100000.0,4.830420069999941e-08,0.0009961682700338538,0.00021978216647398717,0.0010201251996310259
MaxCut,Grover,4,8,0.00144599999999999,0.0010314412785569053,10,100000.0,1.44295159999999e-08,0.0003261703712956012,0.00012012292037741965,0.00034758686268486933
MaxCut,Grover,4,9,0.00043999999999994,0.000334697209761587,10,100000.0,4.3970557999994e-09,0.00010584055093497566,6.631029935085047e-05,0.00012489706971029616
MaxCut,Grover,4,10,0.00010799999999999001,7.969385867875866e-05,10,100000.0,1.0798261999999001e-09,2.520141089524544e-05,3.286070906112496e-05,4.141180159218983e-05
MaxCut,Grover,4,11,2.1000000000000002e-05,1.8529256146249727e-05,10,100000.0,2.0999249999999999e-10,5.859465277082314e-06,1.4491117969294156e-05,1.563092554308072e-05
MaxCut,Grover,4,12,6.000000000000001e-06,6.99205898780101e-06,10,100000.0,5.999919999999999e-11,2.2110831935702664e-06,7.74591505246475e-06,8.055314325890015e-06
MaxCut,Grover,6,2,0.9995869999999998,0.0008693298824062765,10,100000.0,4.121492700000854e-09,0.00027490624664501724,6.41988527934951e-05,0.00028230291735023197
MaxCut,Grover,6,3,0.459476,0.009955080445012343,10,100000.0,2.4826861216e-06,0.003148072849644162,0.0015756541884563377,0.0035203762282271355
MaxCut,Grover,6,4,0.20100299999999996,0.011486186921689892,10,100000.0,1.6048205474999997e-06,0.0036322512302978146,0.0012668151196997925,0.003846825905535626
MaxCut,Grover,6,5,0.08439799999999992,0.009469242372603551,10,100000.0,7.719427769999993e-07,0.002994437361360403,0.0008786027412886892,0.0031206726659665945
MaxCut,Grover,6,6,0.03402299999999994,0.006280806830690181,10,100000.0,3.2829931789999946e-07,0.0019861655128524517,0.0005729740988037762,0.0020671605555312926
MaxCut,Grover,6,7,0.013317999999999951,0.0035450052499569314,10,100000.0,1.312932051999995e-07,0.0011210290907118425,0.0003623440425893594,0.0011781338749998745
MaxCut,Grover,6,8,0.00511299999999996,0.001824488056049336,10,100000.0,5.0838613499999607e-08,0.0005769537820888848,0.00022547419697162602,0.0006194467532941537
MaxCut,Grover,6,9,0.00192799999999996,0.0008684571248932029,10,100000.0,1.92360401999996e-08,0.00027463025648638356,0.00013869405250406235,0.00030766510685772676
MaxCut,Grover,6,10,0.0007509999999999199,0.0004205406573025574,10,100000.0,7.502768299999201e-09,0.00013298663257804033,8.6618521691375e-05,0.00015870794795613073
MaxCut,Grover,6,11,0.00026599999999996,0.00015931799089310272,10,100000.0,2.6590639999996002e-09,5.0380772346416805e-05,5.15661129037239e-05,7.209220639029629e-05
MaxCut,Grover,6,12,0.00010200000000000001,7.435649863252633e-05,10,100000.0,1.0198462000000002e-09,2.3513589451397865e-05,3.193503092217072e-05,3.965772420208816e-05
MaxCut,Grover,8,2,0.999794,0.0005841841414409457,10,100000.0,2.0565042000001735e-09,0.00018473524599033474,4.534869568135531e-05,0.00019021991302466115
MaxCut,Grover,8,3,0.474201,0.009561848322020849,10,100000.0,2.4925212555000006e-06,0.003023721933864503,0.0015787720720547348,0.003411072498325606
MaxCut,Grover,8,4,0.21806199999999992,0.012752856586314728,10,100000.0,1.7036459233999998e-06,0.004032807348623424,0.0013052378800050204,0.004238771170340655
MaxCut,Grover,8,5,0.09827599999999992,0.010921812222439185,10,100000.0,8.851047043999993e-07,0.003453780279957339,0.0009408000342261895,0.003579623293954574
MaxCut,Grover,8,6,0.043398999999999924,0.007587670481335701,10,100000.0,4.1463711329999924e-07,0.002399432085584694,0.0006439232200348107,0.002484333199599706
MaxCut,Grover,8,7,0.01893299999999995,0.004552664787425793,10,100000.0,1.8555887429999953e-07,0.0014396790151511806,0.0004307654516091089,0.001502742340179005
MaxCut,Grover,8,8,0.0082049999999999,0.0025938484921058645,10,100000.0,8.131622729999902e-08,0.0008202469140447811,0.000285160002980781,0.0008684015357540459
MaxCut,Grover,8,9,0.0034979999999999603,0.0012962064307474673,10,100000.0,3.484251859999961e-08,0.0004098964638919307,0.00018666150808348145,0.0004503971910559706
MaxCut,Grover,8,10,0.00148899999999995,0.0006748407219485359,10,100000.0,1.4863730099999504e-08,0.0002134033739189756,0.00012191689833652883,0.0002457737376124667
MaxCut,Grover,8,11,0.00061999999999993,0.0003453178889725289,10,100000.0,6.1950827999993e-09,0.00010919910459543328,7.870884829546994e-05,0.00013460879333997345
MaxCut,Grover,8,12,0.00023799999999997,0.00013373273512661105,10,100000.0,2.3792725999997e-09,4.229000407240972e-05,4.877778797772301e-05,6.455785811536911e-05
MaxCut,X,4,2,0.9999999999999998,9.064933036736789e-17,10,100000.0,1.1102230246251563e-21,2.866583523299505e-17,3.3320009373125277e-11,3.332000937313761e-11
MaxCut,X,4,3,0.38241899999999995,0.03386477273247562,10,100000.0,2.3514256789e-06,0.010708981427858694,0.0015334359063553977,0.01081821190868077
MaxCut,X,4,4,0.12613299999999988,0.02597579217057466,10,100000.0,1.0961619870999995e-06,0.008214266728618493,0.0010469775485176364,0.00828072097561491
MaxCut,X,4,5,0.03752599999999996,0.011932610033945702,10,100000.0,3.598965085999997e-07,0.0037734226137847537,0.0005999137509675867,0.0038208133598518212
MaxCut,X,4,6,0.010648999999999931,0.004502183297517373,10,100000.0,1.0517356109999932e-07,0.0014237153663722395,0.00032430473493305536,0.001460184579272237
MaxCut,X,4,7,0.00268799999999993,0.001397790319675224,10,100000.0,2.6790162199999308e-08,0.0004420201101508578,0.00016367700571552287,0.00047135118539977784
MaxCut,X,4,8,0.0006579999999999501,0.0003803448727434,10,100000.0,6.574368399999501e-09,0.00012027560942360389,8.108247899515346e-05,0.00014505375080368937
MaxCut,X,4,9,0.00015899999999997,0.00010386422761360965,10,100000.0,1.5896500999997002e-09,3.284475266731615e-05,3.9870416350970054e-05,5.16568279879521e-05
MaxCut,X,4,10,3.9000000000000006e-05,2.766867462592951e-05,10,100000.0,3.899779e-10,8.749603165604458e-06,1.9747858111704164e-05,2.159938553652755e-05
MaxCut,X,4,11,7.000000000000001e-06,8.232726023485646e-06,10,100000.0,6.99989e-11,2.6034165586355513e-06,8.366534527508985e-06,8.762230182880257e-06
MaxCut,X,4,12,0.0,0.0,10,100000.0,0.0,0.0,0.0,1e-16
MaxCut,X,6,2,1.0,9.791246743253677e-17,10,100000.0,5.551115123125781e-22,3.09626408413875e-17,2.3560804576936207e-11,2.356080457695655e-11
MaxCut,X,6,3,0.38852699999999996,0.012408228497430418,10,100000.0,2.3743520255e-06,0.003923826377968886,0.001540893255712413,0.004215538574126019
MaxCut,X,6,4,0.13292199999999993,0.009359010868913654,10,100000.0,1.1517490993999995e-06,0.00295957909920387,0.001073195741419057,0.0031481514486829234
MaxCut,X,6,5,0.04208799999999996,0.004594336610315901,10,100000.0,4.0297603119999965e-07,0.001452856802609569,0.0006348039313047767,0.001585486966231164
MaxCut,X,6,6,0.01251999999999991,0.00178531043052275,10,100000.0,1.2360380999999913e-07,0.0005645647290907684,0.000351573335166362,0.0006650843129508708
MaxCut,X,6,7,0.00355799999999995,0.0006898437826381216,10,100000.0,3.54491233999995e-08,0.00021814775828425832,0.00018827937592843117,0.00028816239838751813
MaxCut,X,6,8,0.00102399999999993,0.0002795313538366599,10,100000.0,1.0228810999999303e-08,8.839557555542921e-05,0.0001011375845074387,0.00013432270388052386
MaxCut,X,6,9,0.00025799999999995,9.761602782782252e-05,10,100000.0,2.5792485999994997e-09,3.08688984074298e-05,5.0786303271645e-05,5.9431788538523066e-05
MaxCut,X,6,10,5.400000000000001e-05,2.503331114069145e-05,10,100000.0,5.399652000000001e-10,7.916228058025278e-06,2.3237151288400222e-05,2.4548561397089375e-05
MaxCut,X,6,11,1.5000000000000002e-05,1.7159383568311668e-05,10,100000.0,1.4999510000000001e-10,5.426273532033235e-06,1.2247248670619864e-05,1.3395504635677017e-05
MaxCut,X,6,12,3.0000000000000005e-06,6.749485577105529e-06,10,100000.0,2.99995e-11,2.1343747458109494e-06,5.477179931315019e-06,5.878354834097339e-06
MaxCut,X,8,2,1.0,3.700743415417188e-17,10,100000.0,1.1102230246251563e-22,1.1702778228589002e-17,1.0536712127723506e-11,1.0536712127730006e-11
MaxCut,X,8,3,0.412222,0.015222214614758858,10,100000.0,2.4208647848e-06,0.004813686921454055,0.0015559128461453103,0.005058897761625334
MaxCut,X,8,4,0.15595599999999996,0.013699488392718265,10,100000.0,1.3146481767999997e-06,0.004332158610002898,0.0011465810816510098,0.00448132194770943
MaxCut,X,8,5,0.05548099999999995,0.007905509260425074,10,100000.0,5.234661126999993e-07,0.0024999415326496456,0.0007235095802406484,0.0026025321860385624
MaxCut,X,8,6,0.01895899999999994,0.0037905421775783314,10,100000.0,1.858662492999994e-07,0.0011986746848081959,0.00043112208166597014,0.0012738474199448014
MaxCut,X,8,7,0.00635799999999994,0.0016699620754176963,10,100000.0,6.315065939999941e-08,0.0005280883764421803,0.0002512979494544263,0.000584831593480839
MaxCut,X,8,8,0.00200399999999994,0.0006313864813954569,10,100000.0,1.99962519999994e-08,0.0001996619365049171,0.00014140810443535195,0.0002446653651191622
MaxCut,X,8,9,0.00063499999999993,0.00024336757749908973,10,100000.0,6.345434699999302e-09,7.695958535346681e-05,7.965823686223103e-05,0.00011076196313616351
MaxCut,X,8,10,0.00019599999999997,8.275801404628209e-05,10,100000.0,1.9595541999997e-09,2.617038190184588e-05,4.4266852158242516e-05,5.142414888832058e-05
MaxCut,X,8,11,5.5e-05,3.807886552931954e-05,10,100000.0,5.499566999999999e-10,1.2041594578792294e-05,2.3451155621845163e-05,2.6362031408827354e-05
MaxCut,X,8,12,2.1000000000000002e-05,2.024845673131659e-05,10,100000.0,2.099919e-10,6.4031242374328485e-06,1.44910972669429e-05,1.5842723881959188e-05
NumberPartitioning,Grover,4,2,1.0,1.1702778228589004e-16,10,100000.0,6.661338147750938e-22,3.700743415417188e-17,2.5809568279517847e-11,2.580956827954438e-11
NumberPartitioning,Grover,4,3,0.443835,0.01006178938139516,10,100000.0,2.4675437712999997e-06,0.003181817178210533,0.0015708417397370111,0.003548450975687228
NumberPartitioning,Grover,4,4,0.18079299999999993,0.008365973477260275,10,100000.0,1.4804390058999994e-06,0.0026455531032701343,0.0012167329229950175,0.0029119392555687416
NumberPartitioning,Grover,4,5,0.06885799999999992,0.005730114988181116,10,100000.0,6.408702503999993e-07,0.0018120214617321137,0.0008005437217291754,0.0019809825915887767
NumberPartitioning,Grover,4,6,0.02472199999999989,0.002880014660456513,10,100000.0,2.4103357679999894e-07,0.0009107406021719051,0.0004909517051604964,0.0010346410108073444
NumberPartitioning,Grover,4,7,0.00836299999999992,0.0013619189892696976,10,100000.0,8.291390889999922e-08,0.0004306765994726663,0.00028794775376793483,0.0005180697271925264
NumberPartitioning,Grover,4,8,0.0027419999999999203,0.0005802643075932682,10,100000.0,2.7341783999999207e-08,0.00018349568568952647,0.0001653535122094454,0.00024700698505643255
NumberPartitioning,Grover,4,9,0.00086299999999997,0.0001951096557779257,10,100000.0,8.6222096999997e-09,6.169909057496767e-05,9.285585441963097e-05,0.00011148536889555403
NumberPartitioning,Grover,4,10,0.00027999999999998,8.366600265341154e-05,10,100000.0,2.7991529999998e-09,2.6457513110647166e-05,5.2907022218225435e-05,5.915363894131845e-05
NumberPartitioning,Grover,4,11,7.2e-05,3.155242550986462e-05,10,100000.0,7.199392e-10,9.977753031397176e-06,2.683168276497022e-05,2.8626818816549554e-05
NumberPartitioning,Grover,4,12,2.1000000000000002e-05,1.7919573407620816e-05,10,100000.0,2.0999269999999997e-10,5.666666666666666e-06,1.4491124870071335e-05,1.555968544383565e-05
NumberPartitioning,Grover,6,2,1.0,1.1102230246251565e-16,10,100000.0,8.88178419700125e-22,3.510833468576701e-17,2.9802322387695307e-11,2.9802322387715986e-11
NumberPartitioning,Grover,6,3,0.4823579999999999,0.009167329430586074,10,100000.0,2.496131239e-06,0.002898964106174645,0.0015799149467613754,0.0033015336024170582
NumberPartitioning,Grover,6,4,0.22654999999999997,0.012280932827400016,10,100000.0,1.7508935831999997e-06,0.003883571952611556,0.0013232133551321192,0.004102806928714917
NumberPartitioning,Grover,6,5,0.10399099999999994,0.009492158693714916,10,100000.0,9.309578094999994e-07,0.0030016841383907742,0.000964861549394523,0.0031529455238184442
NumberPartitioning,Grover,6,6,0.04693199999999993,0.006186725574432195,10,100000.0,4.469493935999993e-07,0.001956414407361931,0.0006685427387983503,0.002067488023407472
NumberPartitioning,Grover,6,7,0.020806999999999902,0.003892742677798697,10,100000.0,2.0360430649999905e-07,0.0012309933206786855,0.000451225338938317,0.0013110869010311773
NumberPartitioning,Grover,6,8,0.00902099999999994,0.002171453430308826,10,100000.0,8.935377869999942e-08,0.0006866738672761596,0.0002989210241853179,0.0007489157353801536
NumberPartitioning,Grover,6,9,0.0038319999999999405,0.001096021086577352,10,100000.0,3.816234639999941e-08,0.0003465922997157033,0.00019535185281946882,0.00039785495927815117
NumberPartitioning,Grover,6,10,0.00161399999999998,0.0005481321819496739,10,100000.0,1.61112459999998e-08,0.0001733346153798803,0.00012693008311665048,0.00021483978888672098
NumberPartitioning,Grover,6,11,0.00068899999999997,0.0002777068798411722,10,100000.0,6.8845586999997014e-09,8.781862621968032e-05,8.297324086715971e-05,0.00012081667853037355
NumberPartitioning,Grover,6,12,0.00027699999999997003,0.00013768321127376835,10,100000.0,2.7690620999997004e-09,4.353925431912808e-05,5.262187852974939e-05,6.829881965792244e-05
NumberPartitioning,Grover,8,2,1.0,1.0467283057891834e-16,10,100000.0,6.661338147750938e-22,3.31004553766303e-17,2.5809568279517847e-11,2.5809568279539072e-11
NumberPartitioning,Grover,8,3,0.5110249999999998,0.009447516134472088,10,100000.0,2.4979811937e-06,0.0029875669216121404,0.0015805002985447361,0.0033798723799591964
NumberPartitioning,Grover,8,4,0.2663289999999999,0.012996534110634587,10,100000.0,1.9524584484999997e-06,0.004109864947767607,0.001397303992873419,0.004340904092166612
NumberPartitioning,Grover,8,5,0.14023999999999995,0.01236975253502581,10,100000.0,1.2043503269999996e-06,0.003911659210332329,0.0010974289621656608,0.004062687300885676
NumberPartitioning,Grover,8,6,0.0740609999999999,0.009709111928721599,10,100000.0,6.849112810999993e-07,0.003070290775227064,0.0008275936690792162,0.0031798736964767016
NumberPartitioning,Grover,8,7,0.038915999999999965,0.006850301209922588,10,100000.0,3.7359310979999964e-07,0.002166255448156262,0.0006112226352156796,0.0022508344622532077
NumberPartitioning,Grover,8,8,0.02017899999999994,0.004388296176573934,10,100000.0,1.975447652999994e-07,0.0013877010965382065,0.00044446008290958977,0.0014571407271205276
NumberPartitioning,Grover,8,9,0.010128999999999961,0.0026545242302320397,10,100000.0,1.002006150999996e-07,0.0008394342671638442,0.0003165448074127889,0.0008971346075082043
NumberPartitioning,Grover,8,10,0.00510899999999994,0.0014865878155471937,10,100000.0,5.08090916999994e-08,0.0004701003438983402,0.00022540872143730242,0.0005213477007078262
NumberPartitioning,Grover,8,11,0.00256599999999997,0.0008217488126618574,10,100000.0,2.55880789999997e-08,0.0002598597912550482,0.00015996274253712864,0.00030514781682181003
NumberPartitioning,Grover,8,12,0.00127199999999997,0.00048636520343370244,10,100000.0,1.2701691199999702e-08,0.00015380218175016462,0.00011270177993270427,0.00019067459797023404
NumberPartitioning,X,4,2,0.9999999999999998,8.275113844157577e-17,10,100000.0,9.992007221626407e-22,2.6168207644729584e-17,3.161013638317052e-11,3.161013638318135e-11
NumberPartitioning,X,4,3,0.4061259999999999,0.01117998529118494,10,100000.0,2.4107517926e-06,0.0035354217727325207,0.0015526595868380164,0.0038613415937613135
NumberPartitioning,X,4,4,0.1437949999999999,0.008885372811536955,10,100000.0,1.2304694310999993e-06,0.0028098015944190815,0.0011092652663362355,0.003020836710433057
NumberPartitioning,X,4,5,0.045852999999999935,0.00447288634130379,10,100000.0,4.3732496349999937e-07,0.001414450855357725,0.000661305499372264,0.0015614083981208117
NumberPartitioning,X,4,6,0.01343199999999993,0.001974638082169852,10,100000.0,1.324807209999993e-07,0.0006244353894163455,0.0003639790117575453,0.0007227726312994581
NumberPartitioning,X,4,7,0.0037039999999999304,0.0007429849706869072,10,100000.0,3.68978355999993e-08,0.00023495247746440647,0.00019208809333219823,0.00030348064562120224
NumberPartitioning,X,4,8,0.0009429999999999401,0.00022191339652113582,10,100000.0,9.4206642999994e-09,7.017517763108752e-05,9.706010663500943e-05,0.00011977153190785399
NumberPartitioning,X,4,9,0.00024699999999998,9.043720964784646e-05,10,100000.0,2.4693162999998e-09,2.8598756771734907e-05,4.9692215688171924e-05,5.733415377319747e-05
NumberPartitioning,X,4,10,5.3e-05,3.400980250849256e-05,10,100000.0,5.299615e-10,1.0754843869934453e-05,2.3020892684689704e-05,2.540921420797319e-05
NumberPartitioning,X,4,11,1.1000000000000001e-05,1.286683937707919e-05,10,100000.0,1.0999730000000003e-10,4.068851871911234e-06,1.0487959763462101e-05,1.1249571349858428e-05
NumberPartitioning,X,4,12,2.0000000000000003e-06,4.216370213557839e-06,10,100000.0,1.99998e-11,1.3333333333333332e-06,4.472113594263902e-06,4.666645238046039e-06
NumberPartitioning,X,6,2,1.0,1.0467283057891834e-16,10,100000.0,9.992007221626407e-22,3.31004553766303e-17,3.161013638317052e-11,3.1610136383187854e-11
NumberPartitioning,X,6,3,0.4174379999999999,0.0020212086593037306,10,100000.0,2.431798394e-06,0.0006391622989855068,0.001559422455269899,0.0016853269233132301
NumberPartitioning,X,6,4,0.15377199999999988,0.0016775431771227096,10,100000.0,1.3012363927999991e-06,0.0005304857312983031,0.0011407174903542065,0.0012580347784982317
NumberPartitioning,X,6,5,0.051523999999999924,0.0012001870224631385,10,100000.0,4.886798101999994e-07,0.00037953246091591874,0.0006990563712605725,0.0007954399405919298
NumberPartitioning,X,6,6,0.01608099999999994,0.0005764537179071067,10,100000.0,1.582210236999994e-07,0.00018229067142586482,0.00039777006385599133,0.00043755103998149977
NumberPartitioning,X,6,7,0.00465399999999992,0.00022217110523195912,10,100000.0,4.6322958599999207e-08,7.025667228099425e-05,0.00021522769013302914,0.00022640441382622875
NumberPartitioning,X,6,8,0.0012639999999999301,0.00010834102536789999,10,100000.0,1.2623917399999303e-08,3.4260440420064575e-05,0.00011235620766116709,0.00011746359086021549
NumberPartitioning,X,6,9,0.00030999999999994,5.69600249687933e-05,10,100000.0,3.0990097999994003e-09,1.8012341448144813e-05,5.566875065958819e-05,5.851029178224935e-05
NumberPartitioning,X,6,10,7.7e-05,2.7100635498903793e-05,10,100000.0,7.699341000000001e-10,8.56997342145496e-06,2.7747686390039804e-05,2.9040980431873244e-05
NumberPartitioning,X,6,11,2.3000000000000003e-05,1.4944341180973264e-05,10,100000.0,2.2999270000000003e-10,4.725815626252608e-06,1.5165510212320587e-05,1.5884773631793856e-05
NumberPartitioning,X,6,12,4.000000000000001e-06,5.163977794943223e-06,10,100000.0,3.99996e-11,1.632993161855452e-06,6.3245236974810995e-06,6.531942028728261e-06
NumberPartitioning,X,8,2,0.9999999999999998,1.1702778228589004e-16,10,100000.0,1.3322676295501875e-21,3.700743415417188e-17,3.650024149988857e-11,3.650024149990733e-11
NumberPartitioning,X,8,3,0.42970099999999994,0.0056368755135762305,10,100000.0,2.4502945367e-06,0.0017825365509732273,0.0015653416677198623,0.002372283940057667
NumberPartitioning,X,8,4,0.16759499999999994,0.0035441258129160756,10,100000.0,1.3949561122999996e-06,0.0011207509883010601,0.0011810826018107284,0.0016282011208931784
NumberPartitioning,X,8,5,0.060147999999999924,0.002071761462030689,10,100000.0,5.652635511999993e-07,0.0006551484988577427,0.0007518401101298064,0.000997237738333018
NumberPartitioning,X,8,6,0.0202219999999999,0.0011596915298666512,10,100000.0,1.9811860319999906e-07,0.0003667266617583802,0.00044510515970947704,0.0005767209443434878
NumberPartitioning,X,8,7,0.0062529999999999305,0.0006112291805134164,10,100000.0,6.213563749999932e-08,0.00019328763827806023,0.00024927020981256327,0.00031542946693533495
NumberPartitioning,X,8,8,0.00192899999999991,0.00025770137756716746,10,100000.0,1.9252191899999103e-08,8.149233092752704e-05,0.0001387522680895671,0.0001609136162666189
NumberPartitioning,X,8,9,0.00057999999999996,0.00012719189352222623,10,100000.0,5.796490399999601e-09,4.022160834398512e-05,7.613468591909736e-05,8.610614483169325e-05
NumberPartitioning,X,8,10,0.000153,3.743141876967945e-05,10,100000.0,1.5297533000000002e-09,1.1836853936376468e-05,3.91120607997073e-05,4.0863974489898936e-05
NumberPartitioning,X,8,11,4.9e-05,1.4491376746189439e-05,10,100000.0,4.899741000000001e-10,4.5825756949558395e-06,2.2135358592080682e-05,2.2604736229383436e-05
NumberPartitioning,X,8,12,1.2000000000000002e-05,7.888106377466157e-06,10,100000.0,1.1999800000000003e-10,2.4944382578492945e-06,1.095435986263004e-05,1.1234777355258193e-05
SK,Grover,4,2,0.9999999999999998,1.4332917616497527e-16,10,100000.0,9.992007221626407e-22,4.532466518368394e-17,3.161013638317052e-11,3.1610136383203014e-11
SK,Grover,4,3,0.45186399999999993,0.006131188393053265,10,100000.0,2.4764909318e-06,0.0019388520085636004,0.0015736870501468834,0.002497125956557079
SK,Grover,4,4,0.19054899999999994,0.007001619574546083,10,100000.0,1.5419595818999997e-06,0.002214106516558471,0.0012417566516431469,0.0025385482561036113
SK,Grover,4,5,0.07531899999999994,0.004988311783002753,10,100000.0,6.962365330999996e-07,0.0015774426913344303,0.0008344078937186535,0.0017845341065791964
SK,Grover,4,6,0.02855899999999991,0.002988858756560233,10,100000.0,2.773534356999992e-07,0.0009451601275269065,0.0005266435565921216,0.0010819801765128035
SK,Grover,4,7,0.010455999999999929,0.0016459188585374151,10,100000.0,1.0344233919999932e-07,0.0005204852436802706,0.00032162453140268906,0.0006118392175146262
SK,Grover,4,8,0.0036299999999999596,0.0007292614224146603,10,100000.0,3.6163444599999607e-08,0.00023061271045244958,0.00019016688618158422,0.0002989074552804345
SK,Grover,4,9,0.00124599999999991,0.0003422539667817201,10,100000.0,1.2443420599999103e-08,0.0001082302073257844,0.0001115500811295048,0.00015542586135447787
SK,Grover,4,10,0.00042099999999996003,0.00016762723194303645,10,100000.0,4.207974699999602e-09,5.300838508093275e-05,6.486890395250718e-05,8.377268999434157e-05
SK,Grover,4,11,0.00012299999999999,7.257945837339822e-05,10,100000.0,1.2298012999999e-09,2.29516399801318e-05,3.506852292298465e-05,4.1911562578571136e-05
SK,Grover,4,12,3.8e-05,3.22490309931942e-05,10,100000.0,3.7997620000000004e-10,1.019803902718557e-05,1.9492978222939666e-05,2.1999459084259324e-05
SK,Grover,6,2,1.0,9.791246743253677e-17,10,100000.0,7.771561172376094e-22,3.09626408413875e-17,2.787751992623464e-11,2.7877519926251832e-11
SK,Grover,6,3,0.4824139999999999,0.0035618727907911108,10,100000.0,2.4967931436e-06,0.0011263630754680329,0.0015801244076337788,0.0019404862590025743
SK,Grover,6,4,0.22847199999999995,0.004580462858707622,10,100000.0,1.7625366264e-06,0.0014484695371322104,0.0013276055989637887,0.001964841119887305
SK,Grover,6,5,0.10586499999999988,0.004066686475361607,10,100000.0,9.46427176299999e-07,0.0012859991791944895,0.0009728448880988167,0.0016125200976077475
SK,Grover,6,6,0.04797399999999988,0.002712154535092376,10,100000.0,4.566587511999988e-07,0.0008576585697246976,0.0006757653077807404,0.0010918960451536642
SK,Grover,6,7,0.02170599999999996,0.0018807929769706533,10,100000.0,2.123166591999996e-07,0.0005947589614475878,0.00046077831893438694,0.0007523661883831654
SK,Grover,6,8,0.0097069999999999,0.0010393165489344218,10,100000.0,9.6118019899999e-08,0.0003286607504538618,0.00031002906299248625,0.00045181402013316785
SK,Grover,6,9,0.00436299999999993,0.0005707899010241014,10,100000.0,4.343671009999931e-08,0.00018049961526582362,0.00020841475499589588,0.0002757114818267633
SK,Grover,6,10,0.00189499999999992,0.00030855397510903414,10,100000.0,1.8913232899999204e-08,9.757333424434487e-05,0.00013752539001944043,0.0001686232144621785
SK,Grover,6,11,0.00083599999999993,0.00011325487480309202,10,100000.0,8.352895599999302e-09,3.5814336049498456e-05,9.139417705739957e-05,9.816089988720411e-05
SK,Grover,6,12,0.00036599999999997,0.00010658330075576652,10,100000.0,3.6585581999997002e-09,3.37045990926968e-05,6.0486016565812134e-05,6.924274835677103e-05
SK,Grover,8,2,1.0,1.0467283057891834e-16,10,100000.0,4.440892098500625e-22,3.31004553766303e-17,2.1073424255447012e-11,2.107342425547301e-11
SK,Grover,8,3,0.4953099999999999,0.0072037258878074354,10,100000.0,2.499312996e-06,0.0022780181444990075,0.00158092156541683,0.0027728468516430367
SK,Grover,8,4,0.24407499999999996,0.009353313435474195,10,100000.0,1.8442365834999996e-06,0.0029577774125552803,0.0013580267241479454,0.0032546403496734027
SK,Grover,8,5,0.12088299999999992,0.007724021764742938,10,100000.0,1.0621660584999992e-06,0.0024425501473300934,0.0010306144082536392,0.002651078512741986
SK,Grover,8,6,0.06015099999999994,0.005023032395321014,10,100000.0,5.651014942999994e-07,0.0015884223130025704,0.000751732328891075,0.001757323800198596
SK,Grover,8,7,0.02985899999999996,0.00305687004048986,10,100000.0,2.8959030109999957e-07,0.0009666671839079092,0.0005381359503880033,0.00110636148954329
SK,Grover,8,8,0.015116999999999912,0.0020875187291242436,10,100000.0,1.4884554349999915e-07,0.0006601313842292682,0.00038580505893520776,0.0007646038110972563
SK,Grover,8,9,0.00756199999999992,0.0014175079854762372,10,100000.0,7.503007759999922e-08,0.0004482553835581788,0.0002739161871814063,0.0005253217742383131
SK,Grover,8,10,0.0037649999999999502,0.0006898027093145656,10,100000.0,3.750396529999951e-08,0.0002181347697589073,0.00019365940540030455,0.0002916963199592532
SK,Grover,8,11,0.00191299999999992,0.0004358656775761084,10,100000.0,1.9091694499999206e-08,0.00013783282950330811,0.00013817269809915129,0.00019516552817771691
SK,Grover,8,12,0.00096399999999993,0.00022618576436197053,10,100000.0,9.630246599999302e-09,7.152621896899686e-05,9.813381985839185e-05,0.0001214341245284874
SK,X,4,2,1.0,9.064933036736789e-17,10,100000.0,6.661338147750938e-22,2.866583523299505e-17,2.5809568279517847e-11,2.5809568279533767e-11
SK,X,4,3,0.42060299999999995,0.006013553303441575,10,100000.0,2.4366356985000004e-06,0.0019016525269705052,0.0015609726770510752,0.0024602678780639535
SK,X,4,4,0.1571519999999999,0.005690808964169002,10,100000.0,1.3242610211999994e-06,0.0017995918055677589,0.0011507654066750528,0.002136069214203188
SK,X,4,5,0.053494999999999925,0.0037550240419410817,10,100000.0,5.062059478999993e-07,0.0011874428641225454,0.0007114815162040397,0.0013842783330875162
SK,X,4,6,0.01689299999999991,0.0014247966716537314,10,100000.0,1.6605799509999915e-07,0.00045056026850528563,0.00040750214122136724,0.0006075051857026031
SK,X,4,7,0.00497199999999991,0.0006858862879515773,10,100000.0,4.946855819999911e-08,0.00021689628858050891,0.0002224152831978934,0.00031066470382069237
SK,X,4,8,0.0013789999999999,0.00027826645903201644,10,100000.0,1.3770286699999005e-08,8.799558069711051e-05,0.00011734686489207542,0.00014667484079493897
SK,X,4,9,0.00036999999999994004,8.326663997861329e-05,10,100000.0,3.6985685999994007e-09,2.6331223544165203e-05,6.0815858129269215e-05,6.627142622074917e-05
SK,X,4,10,8.5e-05,2.7182510717166825e-05,10,100000.0,8.499211000000001e-10,8.59586463881842e-06,2.915340631898784e-05,3.0394242693130045e-05
SK,X,4,11,2.1000000000000002e-05,1.66332999331662e-05,10,100000.0,2.0999310000000002e-10,5.259911279353166e-06,1.4491138671615837e-05,1.5416217651118793e-05
SK,X,4,12,7.000000000000001e-06,1.5670212364724212e-05,10,100000.0,6.99973e-11,4.955356249106169e-06,8.366438907922533e-06,9.723829264006826e-06
SK,X,6,2,0.9999999999999998,1.0467283057891834e-16,10,100000.0,1.2212453270876718e-21,3.31004553766303e-17,3.4946320651646173e-11,3.4946320651661845e-11
SK,X,6,3,0.42579599999999995,0.005693802088431069,10,100000.0,2.4446458893999996e-06,0.0018005383145665633,0.0015635363409271944,0.00238465597343143
SK,X,6,4,0.16241399999999986,0.006141482267697618,10,100000.0,1.360017465799999e-06,0.0019421072175460413,0.0011661978673449883,0.0022653471941943967
SK,X,6,5,0.05731599999999996,0.0038603085656748097,10,100000.0,5.401746435999996e-07,0.001220736753859009,0.0007349657431472569,0.0014249115291210996
SK,X,6,6,0.01905499999999994,0.002072938065216172,10,100000.0,1.868803960999994e-07,0.0006555205734545764,0.00043229665289011825,0.000785230933115995
SK,X,6,7,0.005914999999999971,0.0008391960438419555,10,100000.0,5.879378949999971e-08,0.00026537709019430994,0.00024247430688631674,0.00035947015105568724
SK,X,6,8,0.00175499999999994,0.00031896534120326025,10,100000.0,1.7518284099999406e-08,0.00010086569728550545,0.0001323566549139083,0.00016640965413367888
SK,X,6,9,0.00055199999999994,0.00014053864632586392,10,100000.0,5.5167751999994005e-09,4.4442222166658435e-05,7.427499713900635e-05,8.655568329757457e-05
SK,X,6,10,0.00016199999999999,5.884065110296944e-05,10,100000.0,1.6197063999999e-09,1.8607047649268215e-05,4.0245576154403604e-05,4.433879364870044e-05
SK,X,6,11,5.1000000000000006e-05,2.8848262031225072e-05,10,100000.0,5.099665e-10,9.122621455602672e-06,2.258243786662547e-05,2.4355465961919558e-05
SK,X,6,12,1.1e-05,8.755950357709133e-06,10,100000.0,1.0999810000000001e-10,2.7688746209726917e-06,1.0487997902364397e-05,1.0847339151453994e-05
SK,X,8,2,1.0,9.064933036736789e-17,10,100000.0,6.661338147750938e-22,2.866583523299505e-17,2.5809568279517847e-11,2.5809568279533767e-11
SK,X,8,3,0.4296049999999999,0.006584880408936858,10,100000.0,2.4500551938999997e-06,0.0020823220212061446,0.0015652652151951756,0.002605018271317889
SK,X,8,4,0.1676649999999999,0.00643714610677746,10,100000.0,1.3951615460999993e-06,0.0020356043328702217,0.0011811695670393813,0.002353475418630928
SK,X,8,5,0.06183199999999993,0.004264045549058381,10,100000.0,5.799243989999995e-07,0.0013484095981727729,0.0007615276744807109,0.0015485905990430325
SK,X,8,6,0.022130999999999932,0.0019950185184325567,10,100000.0,2.1637636749999933e-07,0.0006308802492461492,0.0004651627322776399,0.0007838279507576154
SK,X,8,7,0.0078069999999999095,0.0008673977685519745,10,100000.0,7.745373609999913e-08,0.0002742952585971811,0.00027830511331989417,0.00039075775742637996
SK,X,8,8,0.00279599999999996,0.0002853146411323039,10,100000.0,2.7881091199999596e-08,9.022441157716427e-05,0.00016697631927911093,0.0001897934025313976
SK,X,8,9,0.0009529999999999201,0.00016878981011897505,10,100000.0,9.520661499999202e-09,5.337602458032974e-05,9.757387713932045e-05,0.00011121897994496788
SK,X,8,10,0.00031499999999994,7.442371187257608e-05,10,100000.0,3.1489578999994007e-09,2.353484414414555e-05,5.611557626897723e-05,6.085102126413839e-05
SK,X,8,11,0.00010699999999999,5.078276172961035e-05,10,100000.0,1.0698622999999e-09,1.6058919293920055e-05,3.270874959395269e-05,3.64383203357199e-05
SK,X,8,12,3.4e-05,1.9550504398153576e-05,10,100000.0,3.3998500000000004e-10,6.18241233033047e-06,1.8438682165491113e-05,1.944755054556286e-05
ThreeSAT,Grover,4,2,1.0,5.233641528945917e-17,10,100000.0,3.330669073875469e-22,1.655022768831515e-17,1.8250120749944283e-11,1.8250120749951786e-11
ThreeSAT,Grover,4,3,0.4612049999999999,0.02396005298176297,10,100000.0,2.4797827224999995e-06,0.0075768340280679795,0.0015747325876160688,0.0077387464496124206
ThreeSAT,Grover,4,4,0.2032459999999999,0.02612396736927815,10,100000.0,1.6132284797999997e-06,0.0082611238406836,0.0012701293161721762,0.00835819332098217
ThreeSAT,Grover,4,5,0.08625099999999994,0.018534865314380394,10,100000.0,7.850257788999995e-07,0.005861239051789488,0.0008860168050889326,0.005927828354559715
ThreeSAT,Grover,4,6,0.03585299999999996,0.01100667883100479,10,100000.0,3.445853010999996e-07,0.0034806174579934657,0.000587013884929479,0.003529770982654384
ThreeSAT,Grover,4,7,0.014212999999999911,0.005707365708742822,10,100000.0,1.3981674009999915e-07,0.0018048275079168494,0.00037392076714191626,0.0018431546526087668
ThreeSAT,Grover,4,8,0.00543399999999991,0.0027045319989479123,10,100000.0,5.397888599999911e-08,0.0008552481121483513,0.00023233356623613194,0.0008862438825364709
ThreeSAT,Grover,4,9,0.0020589999999999402,0.0012813053240087993,10,100000.0,2.0532829499999404e-08,0.00040518432019678326,0.00014329281035697293,0.00042977571224224475
ThreeSAT,Grover,4,10,0.00072399999999997,0.0005068245368084685,10,100000.0,7.2324463999997004e-09,0.00016027199103746062,8.5043791072598e-05,0.00018143747548704362
ThreeSAT,Grover,4,11,0.00026599999999999004,0.00020298877910969348,10,100000.0,2.6589215999999e-09,6.419068814434375e-05,5.156473213350284e-05,8.233690572546611e-05
ThreeSAT,Grover,4,12,7.500000000000001e-05,6.09644705272396e-05,10,100000.0,7.499103000000001e-10,1.9278658321228335e-05,2.7384490135841494e-05,3.3489953219833955e-05
ThreeSAT,Grover,6,2,0.9999999999999998,1.1102230246251565e-16,10,100000.0,1.2212453270876718e-21,3.510833468576701e-17,3.4946320651646173e-11,3.494632065166381e-11
ThreeSAT,Grover,6,3,0.46961499999999995,0.0166359612152576,10,100000.0,2.4882767209e-06,0.0052607528506436714,0.001577427247419037,0.005492157797847355
ThreeSAT,Grover,6,4,0.2127889999999999,0.019240078799792438,10,100000.0,1.6717667890999992e-06,0.006084247136846287,0.001292968208851246,0.0062201149516164286
ThreeSAT,Grover,6,5,0.09321699999999997,0.014660539667192826,10,100000.0,8.433415262999997e-07,0.004636069707557623,0.0009183362817073056,0.00472614894598482
ThreeSAT,Grover,6,6,0.040253999999999915,0.009367367945278005,10,100000.0,3.855464265999992e-07,0.0029622218387930005,0.000620923849276221,0.0030265995190679232
ThreeSAT,Grover,6,7,0.0170319999999999,0.005313521117551609,10,100000.0,1.6716500819999901e-07,0.0016802829126866374,0.0004088581761442457,0.0017293107513881617
ThreeSAT,Grover,6,8,0.00709099999999995,0.0027279762543769123,10,100000.0,7.034020049999952e-08,0.0008626618366685922,0.0002652172703652602,0.0009025107450576022
ThreeSAT,Grover,6,9,0.00286499999999994,0.001257636672493285,10,100000.0,2.8553682899999406e-08,0.0003976996354034011,0.00016897835038844297,0.00043210957279375055
ThreeSAT,Grover,6,10,0.00111499999999995,0.000572989237827988,10,100000.0,1.11346128999995e-08,0.00018119510663003528,0.00010552067522528227,0.00020968137629906323
ThreeSAT,Grover,6,11,0.00043499999999997,0.0002656752403468007,10,100000.0,4.3474724999997e-09,8.401388774085527e-05,6.5935366079212e-05,0.00010679796736517382
ThreeSAT,Grover,6,12,0.00016699999999999002,0.00012256970805763436,10,100000.0,1.6695858999999005e-09,3.875994496040173e-05,4.08605665648422e-05,5.631979432964286e-05
ThreeSAT,Grover,8,2,1.0,1.4332917616497527e-16,10,100000.0,1.1102230246251563e-21,4.532466518368394e-17,3.3320009373125277e-11,3.33200093731561e-11
ThreeSAT,Grover,8,3,0.47489499999999996,0.024190438538122194,10,100000.0,2.4884307939e-06,0.007649688337878004,0.0015774760834637081,0.007810644177055228
ThreeSAT,Grover,8,4,0.21935199999999994,0.03055897787703125,10,100000.0,1.7039623407999996e-06,0.009663597305811565,0.0013053590850030498,0.00975136273705827
ThreeSAT,Grover,8,5,0.09983199999999992,0.024958144874079786,10,100000.0,8.930495367999993e-07,0.007892458397454845,0.0009450129823446868,0.007948833190623356
ThreeSAT,Grover,8,6,0.04558099999999991,0.017034315986006358,10,100000.0,4.3242221309999916e-07,0.0053867236898797,0.0006575881789539705,0.005426713031311972
ThreeSAT,Grover,8,7,0.020243999999999908,0.010056619931390693,10,100000.0,1.9743158419999916e-07,0.0031801824545840845,0.00044433274040970596,0.0032110733452608104
ThreeSAT,Grover,8,8,0.009150999999999911,0.005634458368921632,10,100000.0,9.038686789999913e-08,0.0017817721827189641,0.0003006440884168507,0.0018069584884581884
ThreeSAT,Grover,8,9,0.00403699999999993,0.0030438318321192176,10,100000.0,4.012364209999931e-08,0.000962544140401999,0.00020030886675332,0.000983165735937854
ThreeSAT,Grover,8,10,0.0017649999999999702,0.0015505429156696376,10,100000.0,1.75972100999997e-08,0.0004903247223354438,0.00013265447636623387,0.000507952304289812
ThreeSAT,Grover,8,11,0.00079199999999994,0.0008234723229512066,10,100000.0,7.907624399999401e-09,0.00026040481306355615,8.892482443052334e-05,0.0002751695678425669
ThreeSAT,Grover,8,12,0.00032499999999997,0.0003591734338109566,10,100000.0,3.2477826999997003e-09,0.00011358061258663541,5.6989320929448706e-05,0.0001270761120571253
ThreeSAT,X,4,2,1.0,9.064933036736789e-17,10,100000.0,5.55111512312578e-22,2.866583523299505e-17,2.3560804576936204e-11,2.3560804576953643e-11
ThreeSAT,X,4,3,0.357089,0.013584258414306872,10,100000.0,2.2941036720999994e-06,0.0042957196913516954,0.0015146298795745445,0.004554921661100957
ThreeSAT,X,4,4,0.1059329999999999,0.00986700230284985,10,100000.0,9.462357754999993e-07,0.0031202200955132036,0.0009727465114303929,0.003268334318876272
ThreeSAT,X,4,5,0.02764799999999996,0.00439248803198272,10,100000.0,2.6866223539999964e-07,0.0013890266776095926,0.0005183263792245188,0.0014825846844315985
ThreeSAT,X,4,6,0.006434999999999941,0.0017132895584550728,10,100000.0,6.39094894999994e-08,0.0005417897296102223,0.0002528032624393906,0.0005978675443700863
ThreeSAT,X,4,7,0.00145099999999991,0.0005671654667437635,10,100000.0,1.4486050899999103e-08,0.00017935346851027752,0.00012035801136608689,0.0002159947165248868
ThreeSAT,X,4,8,0.00031299999999997004,0.0001544200620241971,10,100000.0,3.1288056999997e-09,4.883191124209339e-05,5.5935728295962145e-05,7.425201179466714e-05
ThreeSAT,X,4,9,6.400000000000001e-05,3.0983866769659334e-05,10,100000.0,6.399504e-10,9.797958971132712e-06,2.5297240956278217e-05,2.712840577697112e-05
ThreeSAT,X,4,10,1.5000000000000002e-05,8.498365855987975e-06,10,100000.0,1.499971e-10,2.6874192494328497e-06,1.2247330321339422e-05,1.2538712941216184e-05
ThreeSAT,X,4,11,5.000000000000001e-06,9.718253158075502e-06,10,100000.0,4.999890000000001e-11,3.073181485764296e-06,7.070990029691741e-06,7.709951001429546e-06
ThreeSAT,X,4,12,2.0000000000000003e-06,4.216370213557839e-06,10,100000.0,1.99998e-11,1.3333333333333332e-06,4.472113594263902e-06,4.666645238046039e-06
ThreeSAT,X,6,2,1.0,9.064933036736789e-17,10,100000.0,8.88178419700125e-22,2.866583523299505e-17,2.9802322387695307e-11,2.980232238770909e-11
ThreeSAT,X,6,3,0.35332299999999994,0.01161592207082821,10,100000.0,2.2836442099e-06,0.0036732770866836867,0.0015111731237353316,0.0039719779412095675
ThreeSAT,X,6,4,0.1047509999999999,0.008904168125097365,10,100000.0,9.370687220999993e-07,0.002815745194437876,0.0009680230999826395,0.00297749722453271
ThreeSAT,X,6,5,0.02829999999999991,0.0042696890336937085,10,100000.0,2.7482702779999916e-07,0.0013501942247115528,0.0005242394756215896,0.0014483961724074082
ThreeSAT,X,6,6,0.00701899999999994,0.001713368676678281,10,100000.0,6.967091569999941e-08,0.0005418147489891986,0.0002639524875806239,0.0006026890889357693
ThreeSAT,X,6,7,0.00168199999999994,0.0005043764026553597,10,100000.0,1.67894191999994e-08,0.00015949782304331352,0.00012957399121737124,0.00020549689719203928
ThreeSAT,X,6,8,0.00040499999999995,0.000175641680702502,10,100000.0,4.048082099999501e-09,5.5542776307994956e-05,6.362454007691923e-05,8.445757574072007e-05
ThreeSAT,X,6,9,8.400000000000001e-05,5.253570214625479e-05,10,100000.0,8.399046e-10,1.661324772583615e-05,2.8981107639288046e-05,3.340515828431292e-05
ThreeSAT,X,6,10,1.9e-05,1.7919573407620816e-05,10,100000.0,1.899935e-10,5.666666666666666e-06,1.3783812970292365e-05,1.4903174531324227e-05
ThreeSAT,X,6,11,5e-06,7.0710678118654756e-06,10,100000.0,4.99993e-11,2.2360679774997895e-06,7.071018314217549e-06,7.416151292955126e-06
ThreeSAT,X,6,12,0.0,0.0,10,100000.0,0.0,0.0,0.0,1e-16
ThreeSAT,X,8,2,1.0,9.791246743253677e-17,10,100000.0,5.551115123125781e-22,3.09626408413875e-17,2.3560804576936207e-11,2.356080457695655e-11
ThreeSAT,X,8,3,0.3580579999999999,0.0140562013202556,10,100000.0,2.2967464951999995e-06,0.004444961142187356,0.0015155020604406975,0.004696214012452534
ThreeSAT,X,8,4,0.10998899999999993,0.010423120080965315,10,100000.0,9.779364258999997e-07,0.003296079978128904,0.0009889066820989731,0.0034412322862780184
ThreeSAT,X,8,5,0.031212999999999942,0.005639338121131246,10,100000.0,3.021012670999994e-07,0.001783315295858926,0.0005496373960166824,0.0018660961153017838
ThreeSAT,X,8,6,0.00847099999999993,0.002230059540809552,10,100000.0,8.394766309999931e-08,0.00070520674667474,0.00028973723112503044,0.0007624068590034919
ThreeSAT,X,8,7,0.0022679999999999302,0.0008592735950272775,10,100000.0,2.2621916599999304e-08,0.00027172616935273303,0.0001504058396472667,0.0003105753172921336
ThreeSAT,X,8,8,0.00059199999999994,0.00027173516518846235,10,100000.0,5.915830799999401e-09,8.593020423576388e-05,7.691443817645294e-05,0.00011532489236933844
ThreeSAT,X,8,9,0.00013399999999999,8.921883209275993e-05,10,100000.0,1.3397487999999e-09,2.8213471959324834e-05,3.660257914409721e-05,4.621416233147052e-05
ThreeSAT,X,8,10,3.5999999999999994e-05,3.272783388968954e-05,10,100000.0,3.5997740000000003e-10,1.0349449797506682e-05,1.89730703893703e-05,2.161223059082776e-05
ThreeSAT,X,8,11,8.000000000000001e-06,1.3165611772087668e-05,10,100000.0,7.999779999999999e-11,4.163331998932266e-06,8.944148925414872e-06,9.865654227335019e-06
ThreeSAT,X,8,12,3.0000000000000005e-06,4.83045891539648e-06,10,100000.0,2.9999699999999995e-11,1.5275252316519468e-06,5.47719818885532e-06,5.686214323548957e-06
