metric,problem,mixer,N,model,weighted_sse,params,perr,best,n_points_fit,include_zeros_in_fit
dec_prop,MaxClique,Grover,4,stretched_exp,15.86363718966378,0.99999999999999989;0.21968385907158505;1.5550281981551595,0.077664179363906141;0.030096193469314237;0.060352471424594691,True,11,False
dec_prop,MaxClique,Grover,4,exp_quadratic,93.39543167404189,0.73114080583989283;0.089744814373750773,0.020503626598485671;0.0017380148859030508,False,11,False
dec_prop,MaxClique,Grover,4,exp_decay,818.6485096228727,0.99999999999999989;0.70743976551815646,0.065764912833575412;0.0092908206934656356,False,11,False
dec_prop,MaxClique,Grover,4,exp_over_power,818.6485098238057,0.99999999999999978;0.70743888075058814;5.4660009040891125e-15,0.12794992556538731;0.050536262954734394;0.26430388434344532,False,11,False
dec_prop,MaxClique,Grover,4,power_law,1825.6796432872413,0.99999999999999989;3.3201681202689839,0.19744306484657784;0.090719846663126588,False,11,False
dec_prop,MaxClique,Grover,6,stretched_exp,30.904794710129437,0.99999999999999989;0.26307756750291889;1.4410293101248126,0.08184779088085968;0.035555500795903666;0.059591853501246878,True,11,False
dec_prop,MaxClique,Grover,6,exp_quadratic,141.742855782811,0.6966795006128067;0.091056188463519552,0.018656348153363388;0.0019968872508085776,False,11,False
dec_prop,MaxClique,Grover,6,exp_decay,662.8023256705928,0.99999999999999989;0.63232206594880747,0.047976631270319633;0.0077901030267574205,False,11,False
dec_prop,MaxClique,Grover,6,exp_over_power,662.8023258119038,0.99999999999999878;0.63232136374372971;1.3510378910379846e-14,0.092616555063965697;0.036785802531028595;0.18778201567020691,False,11,False
dec_prop,MaxClique,Grover,6,power_law,1965.3249626717575,0.99999999999999989;2.8866624424076912,0.12365861207098877;0.059814926577819019,False,11,False
dec_prop,MaxClique,Grover,8,stretched_exp,31.885855304070528,0.99999999999999989;0.23462876099537489;1.4334371876753993,0.073317024599932237;0.033052999754351629;0.062153768690660638,True,11,False
dec_prop,MaxClique,Grover,8,exp_quadratic,142.53688313513706,0.72776679017900492;0.080317874031716391,0.016491807450149883;0.0018531512222916826,False,11,False
dec_prop,MaxClique,Grover,8,exp_decay,665.7487496344651,0.99999999999999989;0.5433492420604995,0.037508268673526926;0.0067743256261050822,False,11,False
dec_prop,MaxClique,Grover,8,exp_over_power,665.7487498037624,0.99999999999999956;0.54334833523839832;6.6446463424936117e-15,0.072801760786481096;0.03198303458838124;0.15953580680017096,False,11,False
dec_prop,MaxClique,Grover,8,power_law,2141.0681554279645,0.99999999999999989;2.4190943226892956,0.08036264875781661;0.041936900797570016,False,11,False
dec_prop,MaxClique,X,4,stretched_exp,262.9525769433574,0.99999999999999989;0.16490965388092424;2.0716028271371179,0.029732534950862092;0.011850183704878592;0.045123876628841132,True,11,False
dec_prop,MaxClique,X,4,exp_quadratic,296.17649396144765,0.99999999999999989;0.1777366147123246,0.0075385129306591607;0.0012251839176478053,False,11,False
dec_prop,MaxClique,X,4,exp_decay,30262.083187634365,0.99999999999999989;0.84189644673071995,0.014099632075109565;0.0027003983542465936,False,11,False
dec_prop,MaxClique,X,4,exp_over_power,30262.08322418047,0.99999999999999956;0.84189857626344489;4.8730055297650372e-14,0.027106783656242549;0.014378760631840001;0.067617921726988509,False,11,False
dec_prop,MaxClique,X,4,power_law,53399.363715141655,0.99999999999999989;3.6706926337200296,0.038102685994149323;0.019556534728470132,False,11,False
dec_prop,MaxClique,X,6,stretched_exp,113.83622446253624,0.99999999999999989;0.18082683521543227;2.0012269835602186,0.049577512682665449;0.019479664467239855;0.063629630688509159,True,10,False
dec_prop,MaxClique,X,6,exp_quadratic,113.8403393797248,0.99999999999999967;0.18108043769338644,0.013311595560829913;0.0019558827381886434,False,10,False
dec_prop,MaxClique,X,6,exp_decay,8577.953224800527,0.99999999999999989;0.91424261821941655,0.031781002831767803;0.005720428758660902,False,10,False
dec_prop,MaxClique,X,6,exp_over_power,8577.953242244106,0.99999999999999989;0.91424797657573942;5.1393003038193191e-14,0.05762628434868549;0.030573846312618305;0.14092634970250525,False,10,False
dec_prop,MaxClique,X,6,power_law,14175.284548937103,0.99999999999999989;3.9242651281851586,0.089207125977364576;0.04479644423742192,False,10,False
dec_prop,MaxClique,X,8,stretched_exp,88.87499760086934,0.99999999999999989;0.20859442370441403;1.8753987252726265,0.066029800869176009;0.026063003206470758;0.069464825460133522,True,10,False
dec_prop,MaxClique,X,8,exp_quadratic,109.26017086149021,0.9697302297447068;0.17566790079837313,0.019197791000648175;0.0024644658867716443,False,10,False
dec_prop,MaxClique,X,8,exp_decay,3354.322411202591,0.99999999999999989;0.92595642813128687,0.051218086935983398;0.0087520861519429349,False,10,False
dec_prop,MaxClique,X,8,exp_over_power,3354.3224126447667,0.99999999999999989;0.92594551120989033;1.1867932118136803e-16,0.090730342892319252;0.043983657381456723;0.20378331995863108,False,10,False
dec_prop,MaxClique,X,8,power_law,5751.738819957132,0.99999999999999989;3.9912586819596831,0.15117922073169188;0.073680276454358859,False,10,False
dec_prop,MaxCut,Grover,4,stretched_exp,23.801726384539105,0.99999999999999989;0.22261188041815555;1.6990132039442001,0.10967502107658644;0.04682493980506347;0.10567001500229363,True,11,False
dec_prop,MaxCut,Grover,4,exp_quadratic,42.98099038932308,0.87505685289197288;0.14061244499863104,0.029718445915216864;0.0048163234841509276,False,11,False
dec_prop,MaxCut,Grover,4,exp_decay,1057.7808268923675,0.99999999999999989;0.85575077073536143,0.075831844848328764;0.011787177564995232,False,11,False
dec_prop,MaxCut,Grover,4,exp_over_power,1057.7808272663021,0.99999999999999811;0.8557623551990704;2.9801810245114304e-14,0.15942009048470851;0.076456949286939857;0.38980218717030612,False,11,False
dec_prop,MaxCut,Grover,4,power_law,1946.385507321666,0.99999999999999989;3.9919425937370954,0.25480178040123885;0.11945236611958032,False,11,False
dec_prop,MaxCut,Grover,6,stretched_exp,13.404760475206055,0.99999999999999989;0.25093321666289692;1.4868914660976973,0.11564207976996756;0.046301285898371999;0.080670459731286073,True,11,False
dec_prop,MaxCut,Grover,6,exp_quadratic,63.676306510277385,0.70495689136549089;0.092753839878018274,0.029306728436012289;0.0027111408794509894,False,11,False
dec_prop,MaxCut,Grover,6,exp_decay,360.35863033151907,0.99999999999999989;0.68958516786815127,0.085585876704425259;0.012284098401997496,False,11,False
dec_prop,MaxCut,Grover,6,exp_over_power,360.3586304464428,0.99999999999999989;0.68958402127160001;1.8791435395126835e-14,0.1663545572324818;0.060768572772741239;0.32072429902206784,False,11,False
dec_prop,MaxCut,Grover,6,power_law,909.9622093574538,0.99999999999999989;3.2271119036498921,0.25695666820308255;0.11760697740510363,False,11,False
dec_prop,MaxCut,Grover,8,stretched_exp,13.27681995025426,0.99999999999999989;0.26647356694967755;1.4105575973981912,0.1133608406695135;0.046838815049780269;0.074052070259324018,True,11,False
dec_prop,MaxCut,Grover,8,exp_quadratic,86.56033294428302,0.65161519472323348;0.080892238853868398,0.026101047247913893;0.002274707091630909,False,11,False
dec_prop,MaxCut,Grover,8,exp_over_power,292.8692529719516,0.99999999999999989;0.63068383203952028;1.6741660044458955e-15,0.14457673068495144;0.051885501618898752;0.27433355886581812,False,11,False
dec_prop,MaxCut,Grover,8,exp_decay,292.86925301209607,0.99999999999999989;0.63068571500577142,0.074481177349284444;0.010866341133736713,False,11,False
dec_prop,MaxCut,Grover,8,power_law,885.3239601074014,0.99999999999999989;2.9371424185400423,0.2060271908950132;0.095259082672568121,False,11,False
dec_prop,MaxCut,X,4,stretched_exp,68.31509467403626,0.99999999999999989;0.18442826547706478;1.9200281602562048,0.0604200163417987;0.026627520156078884;0.085288535536951676,True,10,False
dec_prop,MaxCut,X,4,exp_quadratic,77.75197742845066,0.97800808607919509;0.16834554644329258,0.012593135615947252;0.0029881731882999384,False,10,False
dec_prop,MaxCut,X,4,exp_decay,29957.984060764113,0.99999999999999989;0.75944581275558687,0.010682005182978049;0.0021961947924149339,False,10,False
dec_prop,MaxCut,X,4,exp_over_power,29957.98406816891,0.99999999999999989;0.75942453350737682;7.0721260632957499e-20,0.029563231870969896;0.018844445532709041;0.091849159225723828,False,10,False
dec_prop,MaxCut,X,4,power_law,57308.18772782213,0.99999999999999989;3.3375404439568102,0.025858049949443376;0.014239906310891701,False,10,False
dec_prop,MaxCut,X,6,stretched_exp,109.90099593856931,0.99999999999999989;0.21708207800561588;1.7864819451538294,0.050821189023633015;0.02086406266400171;0.051894492099517013,True,11,False
dec_prop,MaxCut,X,6,exp_quadratic,179.4099120642989,0.90086067126469238;0.15569027487044784,0.01354459261641431;0.0018030052988665635,False,11,False
dec_prop,MaxCut,X,6,exp_over_power,5015.010446335043,0.99999999999999989;0.84937668233453867;6.7592879771969147e-17,0.061860140827280495;0.027645803746656272;0.13333899247385358,False,11,False
dec_prop,MaxCut,X,6,exp_decay,5015.010451097177,0.99999999999999989;0.8493794841202188,0.033846806963080595;0.0058282870862628455,False,11,False
dec_prop,MaxCut,X,6,power_law,9683.192503043892,0.99999999999999989;3.840335832114615,0.10580379563785931;0.050849118898672163,False,11,False
dec_prop,MaxCut,X,8,stretched_exp,82.23652428548587,0.99999999999999989;0.24559551173354055;1.6693942993977098,0.060477689277552267;0.025438214386823074;0.053485664289582992,True,11,False
dec_prop,MaxCut,X,8,exp_quadratic,180.570704236236,0.82151214518524485;0.14222765913040938,0.015141063032260533;0.0019254226055238843,False,11,False
dec_prop,MaxCut,X,8,exp_over_power,2994.3585691440812,0.99999999999909028;0.81515108574371886;2.7514443554373141e-11,0.072498787930961983;0.029366307074381769;0.14618602015370682,False,11,False
dec_prop,MaxCut,X,8,exp_decay,2994.358569734225,0.99999999999999989;0.81515152512876365,0.038210882818861959;0.0063976809683186633,False,11,False
dec_prop,MaxCut,X,8,power_law,6458.107324941926,0.99999999999999989;3.7418661513655822,0.12477831502974064;0.059185706486641301,False,11,False
dec_prop,NumberPartitioning,Grover,4,stretched_exp,62.419584320022594,0.99999999999999989;0.25194847499277417;1.5739447807623734,0.053004601197190228;0.02057591265532285;0.038677590328342448,True,11,False
dec_prop,NumberPartitioning,Grover,4,exp_quadratic,275.30087896686854,0.70963451353511475;0.11131245145486193,0.012732739743361992;0.0010752364637950137,False,11,False
dec_prop,NumberPartitioning,Grover,4,exp_over_power,2469.7770770974726,0.99999999999999722;0.74979424219721502;3.8032312199659234e-14,0.071664900522413658;0.024438491303377795;0.12353729113584429,False,11,False
dec_prop,NumberPartitioning,Grover,4,exp_decay,2469.777077416536,0.99999999999999989;0.74979386270303106,0.038427904122686402;0.0059806852350901361,False,11,False
dec_prop,NumberPartitioning,Grover,4,power_law,6295.088665259213,0.99999999999999989;3.4239435197147143,0.12167069175586837;0.056108014684258994,False,11,False
dec_prop,NumberPartitioning,Grover,6,stretched_exp,57.03815700637989,0.99999999999999989;0.21269648657085963;1.5065237664006865,0.0436991651544828;0.018392722655601653;0.0391801209938792,True,11,False
dec_prop,NumberPartitioning,Grover,6,exp_quadratic,272.9218905739378,0.75511145349419273;0.083799108989687565,0.010953411574678445;0.0011539007573331211,False,11,False
dec_prop,NumberPartitioning,Grover,6,exp_over_power,2202.752728168064,0.99999999999999922;0.57147362095741927;9.2225734998107172e-15,0.050247329995358789;0.020698541196365293;0.10500193694909278,False,11,False
dec_prop,NumberPartitioning,Grover,6,exp_decay,2202.7527285700608,0.99999999999999989;0.57147430806108035,0.025568166804332784;0.0044145310601526209,False,11,False
dec_prop,NumberPartitioning,Grover,6,power_law,6258.510775071232,0.99999999999999989;2.5867845829510556,0.059792095137174928;0.030299811367863517,False,11,False
dec_prop,NumberPartitioning,Grover,8,stretched_exp,77.1206859665792,0.99999999999999989;0.18674543634808263;1.4690841347939405,0.030302769566587517;0.013449024962298392;0.032058814313901035,True,11,False
dec_prop,NumberPartitioning,Grover,8,exp_quadratic,437.05110990703923,0.77452408853271015;0.067863368306052607,0.0073432173905410908;0.00083604270900234235,False,11,False
dec_prop,NumberPartitioning,Grover,8,exp_over_power,3121.696657601823,0.99999999999997358;0.45523129764872022;1.4570439684618185e-14,0.029601220547473099;0.013572884646648468;0.067492662600125722,False,11,False
dec_prop,NumberPartitioning,Grover,8,exp_decay,3121.6966579898844,0.99999999999999989;0.45523148249258594,0.014800329721024396;0.0029480185751780052,False,11,False
dec_prop,NumberPartitioning,Grover,8,power_law,10171.73778562346,0.99999999999999989;1.9933804322129072,0.027730228611387887;0.015772630705218872,False,11,False
dec_prop,NumberPartitioning,X,4,stretched_exp,129.67699988618048,0.99999999999999989;0.22792846805839714;1.742333282360331,0.039171579403300849;0.016020288823233253;0.03799862421192457,True,11,False
dec_prop,NumberPartitioning,X,4,exp_quadratic,274.77551889157314,0.85843926475552568;0.14989841372314019,0.010279055398437554;0.0012517515357627637,False,11,False
dec_prop,NumberPartitioning,X,4,exp_over_power,7895.073800687937,0.99999999999999256;0.81135592178529958;1.0092652554322493e-12,0.045920659445186376;0.018161147546293926;0.08962870992507567,False,11,False
dec_prop,NumberPartitioning,X,4,exp_decay,7895.073802719549,0.99999999999999989;0.81136558367840794,0.023970651010698452;0.0042156513331390796,False,11,False
dec_prop,NumberPartitioning,X,4,power_law,17021.03321795416,0.99999999999999989;3.6906881107429617,0.07760335205401786;0.037219590004100883,False,11,False
dec_prop,NumberPartitioning,X,6,stretched_exp,87.92710677637008,0.99999999999999989;0.22252501611836192;1.7080464196551213,0.044233108094397885;0.016893316390140873;0.038612542850085599,True,11,False
dec_prop,NumberPartitioning,X,6,exp_quadratic,235.59433108406617,0.82388244847770553;0.13278064527270833,0.012221372444642456;0.001148159131728925,False,11,False
dec_prop,NumberPartitioning,X,6,exp_decay,4606.25097661517,0.99999999999999989;0.81252669926823007,0.034828427771846533;0.0055791632135793407,False,11,False
dec_prop,NumberPartitioning,X,6,exp_over_power,4606.250977934283,0.99999999999928157;0.81252789485316557;1.7399534327429017e-11,0.064568742872822327;0.023511343796224892;0.11725696997499827,False,11,False
dec_prop,NumberPartitioning,X,6,power_law,9730.492534462226,0.99999999999999989;3.7183335440348424,0.11686390003336242;0.054296968427416055,False,11,False
dec_prop,NumberPartitioning,X,8,stretched_exp,134.3020364788955,0.99999999999999989;0.20173655799469881;1.7268978094548193,0.034546466222306872;0.012940856871419054;0.03283737278131222,True,11,False
dec_prop,NumberPartitioning,X,8,exp_quadratic,327.890434462661,0.84877563853073679;0.12462870691920476,0.0099840202287271029;0.00087015031546074496,False,11,False
dec_prop,NumberPartitioning,X,8,exp_over_power,6889.965430666096,0.99999999999999589;0.75571968698429737;2.7933951717064424e-14,0.048630937255421045;0.016518367523651097;0.084090614240671047,False,11,False
dec_prop,NumberPartitioning,X,8,exp_decay,6889.965431907483,0.99999999999999989;0.7557202905703958,0.025885953912544318;0.0041692945348257475,False,11,False
dec_prop,NumberPartitioning,X,8,power_law,15494.051567379856,0.99999999999999989;3.5053981727624035,0.085601506590957777;0.039808967698453102,False,11,False
dec_prop,SK,Grover,4,stretched_exp,44.974197272704764,0.99999999999999989;0.2655156670138788;1.5364882342825161,0.062357448164068262;0.026534048085830372;0.047545506138318538,True,11,False
dec_prop,SK,Grover,4,exp_quadratic,192.92317904195903,0.71627602097718635;0.11294859120246635,0.014183541208244659;0.0015416525282621503,False,11,False
dec_prop,SK,Grover,4,exp_over_power,1786.0409181252296,0.9999999999999919;0.73291469773890694;9.077284140592292e-14,0.073173832319737286;0.028153735850748183;0.14141379021367029,False,11,False
dec_prop,SK,Grover,4,exp_decay,1786.0409186624659,0.99999999999999989;0.73291560524237431,0.039055713151765203;0.0064106971175421955,False,11,False
dec_prop,SK,Grover,4,power_law,4620.088904497522,0.99999999999999989;3.3704549755007629,0.11706089449080499;0.055665185465644286,False,11,False
dec_prop,SK,Grover,6,stretched_exp,36.88810004205881,0.99999999999999989;0.32146900457602107;1.3690154268941446,0.09189716414494406;0.043886312826309878;0.059950624084100082,True,11,False
dec_prop,SK,Grover,6,exp_quadratic,155.80651244149547,0.66282175152410061;0.10346747263456997,0.018291718317788065;0.0026362208140375512,False,11,False
dec_prop,SK,Grover,6,exp_decay,565.7395406154478,0.99999999999999989;0.65372552039232346,0.043215634877411896;0.0076961234928632953,False,11,False
dec_prop,SK,Grover,6,exp_over_power,565.7395407008594,0.99999999999998712;0.65372524437866952;6.6331347379643435e-14,0.084504412178914745;0.036199109288267042;0.18162482704454855,False,11,False
dec_prop,SK,Grover,6,power_law,1934.3346143416875,0.99999999999999989;2.9557965363756806,0.10893977414817355;0.054328839845350377,False,11,False
dec_prop,SK,Grover,8,stretched_exp,24.873652114484425,0.99999999999999989;0.32483316328608058;1.2926050938294542,0.10651864094138834;0.052710299880308023;0.067792706939482722,True,11,False
dec_prop,SK,Grover,8,exp_quadratic,142.78273735394515,0.6166600204864251;0.082520343989155573,0.01848798345469373;0.0023864682766106707,False,11,False
dec_prop,SK,Grover,8,exp_over_power,268.5482015918749,0.99999999999999967;0.57585399891664291;1.9639309274591068e-16,0.087887630938232195;0.038787341759212113;0.19320209389023418,False,11,False
dec_prop,SK,Grover,8,exp_decay,268.5482016490746,0.99999999999999989;0.57585542670688206,0.045257254946909714;0.0082702963266853904,False,11,False
dec_prop,SK,Grover,8,power_law,1163.5287965002135,0.99999999999999989;2.5621565885492892,0.099831313876669506;0.051295048986554077,False,11,False
dec_prop,SK,X,4,stretched_exp,96.31263284985265,0.99999999999999989;0.24468643292912573;1.6627493118598211,0.041825377343603677;0.016914916231206806;0.035400474990976913,True,11,False
dec_prop,SK,X,4,exp_quadratic,306.8331091931928,0.7821770981860251;0.13491161796396511,0.010141468313813719;0.0011077602213696062,False,11,False
dec_prop,SK,X,4,exp_decay,5650.019810659733,0.99999999999999989;0.78825024508636543,0.026569308459124804;0.0045900304532763593,False,11,False
dec_prop,SK,X,4,exp_over_power,5650.019815622454,0.99999999999990796;0.78825790604687285;1.5685021778275097e-13,0.050184439485966702;0.018993989245209723;0.09344671138991012,False,11,False
dec_prop,SK,X,4,power_law,13200.508553782269,0.99999999999999989;3.5631237554721924,0.083774080897092595;0.039898540716688011,False,11,False
dec_prop,SK,X,6,stretched_exp,48.308860398307196,0.99999999999999989;0.24221274666219347;1.6357956292331137,0.062578990337800885;0.025786805955983302;0.052585611679463441,True,11,False
dec_prop,SK,X,6,exp_quadratic,144.7607942394511,0.78710020661735758;0.12744841106405361,0.015737865070411066;0.0018307811126848923,False,11,False
dec_prop,SK,X,6,exp_over_power,2214.0677514090644,0.99999999999999878;0.79682629810827055;2.0316750804266286e-14,0.08259036894145709;0.033616348866180042;0.16758037120403438,False,11,False
dec_prop,SK,X,6,exp_decay,2214.0677528904075,0.99999999999999989;0.79682822879198478,0.044281892000035135;0.0071381372379274661,False,11,False
dec_prop,SK,X,6,power_law,4784.623311742175,0.99999999999999989;3.6720564129241389,0.14135461918462386;0.066494256905580071,False,11,False
dec_prop,SK,X,8,stretched_exp,119.74016098637456,0.99999999999999989;0.26526654495208835;1.5823574350825098,0.056027666190523399;0.024778783590292008;0.046218303756761371,True,11,False
dec_prop,SK,X,8,exp_quadratic,302.1617992666875,0.76179021849189754;0.12781588554276649,0.012165235171894226;0.0014878827309337294,False,11,False
dec_prop,SK,X,8,exp_over_power,2637.6527449749306,0.99999999999988898;0.74946151870392608;3.1552728281246612e-12,0.056936320866838377;0.025690578823342285;0.12139049292907812,False,11,False
dec_prop,SK,X,8,exp_decay,2637.652745239837,0.99999999999999989;0.74946212209541341,0.031965044076021486;0.0056677760364398514,False,11,False
dec_prop,SK,X,8,power_law,6509.493811321693,0.99999999999999989;3.2995605583712333,0.083015058323686997;0.040888073098732089,False,11,False
dec_prop,ThreeSAT,Grover,4,stretched_exp,10.433754696577287,0.99999999999999989;0.21418014290884907;1.5450870857494685,0.097472191329496694;0.036530610333354495;0.074562592709996753,True,11,False
dec_prop,ThreeSAT,Grover,4,exp_quadratic,58.41574448523935,0.74001913525828489;0.086883026102581473,0.027718413621804126;0.0023015137188867776,False,11,False
dec_prop,ThreeSAT,Grover,4,exp_over_power,490.54837447098976,0.99999999999999867;0.6864236379140074;4.2768321733024999e-14,0.16721950732550592;0.060614495750429938;0.32640461739403098,False,11,False
dec_prop,ThreeSAT,Grover,4,exp_decay,490.5483745557391,0.99999999999999989;0.68641982670827062,0.084329236530724536;0.01161441533186776,False,11,False
dec_prop,ThreeSAT,Grover,4,power_law,1112.352605897883,0.99999999999999989;3.2814202762227476,0.26448205064339719;0.12006983702375633,False,11,False
dec_prop,ThreeSAT,Grover,6,stretched_exp,12.039821584472968,0.99999999999999989;0.2274065041564185;1.4924534197339989,0.10753630097649512;0.04110526713202118;0.077168467171081695,True,11,False
dec_prop,ThreeSAT,Grover,6,exp_quadratic,69.12557742869637,0.70545835040559923;0.08123427228228379,0.028557507913915633;0.0022324296826664409,False,11,False
dec_prop,ThreeSAT,Grover,6,exp_decay,351.6849260374183,0.99999999999999989;0.6491935669816834,0.085178833611794874;0.011793087411968274,False,11,False
dec_prop,ThreeSAT,Grover,6,exp_over_power,351.6849261255662,0.99999999999817812;0.6491960378628836;3.3999824738903782e-11,0.16606028252180299;0.05983004801072473;0.3187048807934546,False,11,False
dec_prop,ThreeSAT,Grover,6,power_law,885.3749192936389,0.99999999999999989;3.0435415983899921,0.24449358885790928;0.1114427478447495,False,11,False
dec_prop,ThreeSAT,Grover,8,stretched_exp,8.6702649275804,0.99999999999999989;0.24189346091597072;1.4383944498956247,0.14562996642264758;0.060955384295023937;0.10779472172621893,True,11,False
dec_prop,ThreeSAT,Grover,8,exp_quadratic,42.45980462646558,0.70853129158633921;0.081010784561586932,0.035720204769986559;0.0034105218149434969,False,11,False
dec_prop,ThreeSAT,Grover,8,exp_over_power,176.0341708865915,0.99999999999999978;0.59843904547857396;4.577830177270466e-15,0.18053669830146429;0.069029527054462178;0.36144469886341812,False,11,False
dec_prop,ThreeSAT,Grover,8,exp_decay,176.034170935279,0.99999999999999989;0.59844233473927455,0.091843132457717871;0.014134939970272226,False,11,False
dec_prop,ThreeSAT,Grover,8,power_law,515.7151681992837,0.99999999999999989;2.7689815951399468,0.23560614395871579;0.11222506402522528,False,11,False
dec_prop,ThreeSAT,X,4,stretched_exp,119.12399561459864,0.99999999999999989;0.17571284037977788;2.0142774767946423,0.043932309691287107;0.017927387587482035;0.062018938003575122,True,10,False
dec_prop,ThreeSAT,X,4,exp_quadratic,119.83819855082136,0.99999999999999989;0.17829818493968161,0.010635116346836816;0.0018448307040105423,False,10,False
dec_prop,ThreeSAT,X,4,exp_decay,16212.282038046915,0.99999999999999989;0.87701434081655572,0.0209469452564214;0.0039058819114015713,False,10,False
dec_prop,ThreeSAT,X,4,exp_over_power,16212.28204036945,0.99999999999999989;0.87701472444843986;2.6908245287990154e-16,0.041346592103636635;0.023991355594216585;0.11173241498954592,False,10,False
dec_prop,ThreeSAT,X,4,power_law,27188.958651376473,0.99999999999999989;3.7756083563161345,0.0560178540403714;0.028920435180808939,False,10,False
dec_prop,ThreeSAT,X,6,stretched_exp,103.18043605874374,0.99999999999999989;0.19294436387488018;1.9241198548485476,0.055586324467214357;0.022228514055451169;0.065845698873530673,True,10,False
dec_prop,ThreeSAT,X,6,exp_quadratic,114.23807116432818,0.99757694514452411;0.17651426452589497,0.015829232095813807;0.002299393147294374,False,10,False
dec_prop,ThreeSAT,X,6,exp_decay,5648.758521376136,0.99999999999999989;0.89502281495517266,0.037204530799443809;0.0066395333531446355,False,10,False
dec_prop,ThreeSAT,X,6,exp_over_power,5648.7585320902,0.99999999999999989;0.8950174181085333;4.1000678892650482e-15,0.067057946721294809;0.035476222492349656;0.16315846087298169,False,10,False
dec_prop,ThreeSAT,X,6,power_law,9600.664423669832,0.99999999999999989;3.8379743410720057,0.10229192655321512;0.051230350891877469,False,10,False
dec_prop,ThreeSAT,X,8,stretched_exp,154.93617624276047,0.99999999999999989;0.1879900297281151;1.960474508841118,0.048914824249489924;0.02013787759304848;0.064534229002786284,True,11,False
dec_prop,ThreeSAT,X,8,exp_quadratic,158.68688187011597,0.99999999999999412;0.18014318109400246,0.012997692646899558;0.0020123608597515724,False,11,False
dec_prop,ThreeSAT,X,8,exp_over_power,9324.001522336725,0.99999999999999989;0.85863012632055302;8.3093632926502453e-19,0.047830612984778205;0.02304430875783333;0.11104670738296384,False,11,False
dec_prop,ThreeSAT,X,8,exp_decay,9324.001524159661,0.99999999999999989;0.85862957694630326,0.025049914392068499;0.0045563210331436444,False,11,False
dec_prop,ThreeSAT,X,8,power_law,17184.684802089174,0.99999999999999989;3.843459453037299,0.075603349556743499;0.037357536373675768,False,11,False
inc_prop,MaxClique,Grover,4,stretched_exp,17.02995583094217,0.99999999999999989;0.31891803921517481;1.5234879888890436,0.14078038756485708;0.062668561139172532;0.093241822672727154,True,11,False
inc_prop,MaxClique,Grover,4,exp_quadratic,56.03115457145786,0.70554875486716551;0.13923056359299918,0.030607698525619658;0.0043164734354465975,False,11,False
inc_prop,MaxClique,Grover,4,exp_over_power,480.88563775255267,0.99999999999999989;0.87369652933720021;3.4788226300401312e-16,0.17572515131800545;0.073039974592071691;0.36724990624225307,False,11,False
inc_prop,MaxClique,Grover,4,exp_decay,480.88563788854174,0.99999999999999989;0.87370348918650953,0.092620271734654605;0.014446539406044913,False,11,False
inc_prop,MaxClique,Grover,4,power_law,1073.567166007863,0.99999999999999989;4.0383388432666711,0.32547530763862853;0.15025585812047001,False,11,False
inc_prop,MaxClique,Grover,6,stretched_exp,32.981564832207894,0.99999999999999989;0.31241365452902858;1.4688433169251702,0.1003677954537974;0.043996131734971598;0.064251671554623385,True,11,False
inc_prop,MaxClique,Grover,6,exp_quadratic,130.44206725520834,0.6645384505406462;0.11622028931894295,0.020999733270703591;0.0023864429836495536,False,11,False
inc_prop,MaxClique,Grover,6,exp_over_power,649.4360310295066,0.99999999999999745;0.77561066635406994;4.9270240448577369e-14,0.11803487676109961;0.047493307116183825;0.23591549916528964,False,11,False
inc_prop,MaxClique,Grover,6,exp_decay,649.436031263998,0.99999999999999989;0.77560943330711807,0.063855550907675848;0.010037151745438695,False,11,False
inc_prop,MaxClique,Grover,6,power_law,1701.5255085597785,0.99999999999999989;3.5004816234472451,0.18954933915581187;0.088656622705090379,False,11,False
inc_prop,MaxClique,Grover,8,stretched_exp,34.29029415010485,0.99999999999999989;0.34728299102598081;1.4380022360542417,0.10327747376068834;0.047127061872122282;0.062276047557335568,True,11,False
inc_prop,MaxClique,Grover,8,exp_quadratic,146.58753969469794,0.63083290533006897;0.12344634832650729,0.019560248309555127;0.0025031492020342631,False,11,False
inc_prop,MaxClique,Grover,8,exp_decay,683.1246253311069,0.99999999999999989;0.80091808940149889,0.059059978321325306;0.0096314511444225773,False,11,False
inc_prop,MaxClique,Grover,8,exp_over_power,683.1246255354316,0.99999999999998135;0.8009172633278151;1.3868001461036148e-13,0.10922343253370727;0.043527456534066006;0.21599705072514735,False,11,False
inc_prop,MaxClique,Grover,8,power_law,1930.5724471304732,0.99999999999999989;3.6696084239879148,0.18777686155008891;0.08785105699385673,False,11,False
inc_prop,MaxClique,X,4,stretched_exp,314.0117649564891,0.99999999999999989;0.18629451194946636;2.0137188153323113,0.027651462099700635;0.011140669265633186;0.037002954654174053,True,9,False
inc_prop,MaxClique,X,4,exp_quadratic,315.6194945871121,0.99999999999999989;0.18911986347135565,0.0074237812361712266;0.0011022399881847383,False,9,False
inc_prop,MaxClique,X,4,exp_over_power,28530.576729387907,0.99999999999999989;0.85443673612238125;1.2684153593273969e-16,0.026463733065163451;0.014656977579366948;0.065636278751697405,False,9,False
inc_prop,MaxClique,X,4,exp_decay,28530.576791687225,0.99999999999999989;0.8544313700242423,0.014361575269576852;0.0028951781057449193,False,9,False
inc_prop,MaxClique,X,4,power_law,50385.56482551198,0.99999999999999989;3.5031314516059591,0.034270213463429892;0.018570239974151522,False,9,False
inc_prop,MaxClique,X,6,stretched_exp,202.3742397569617,0.99999999999999989;0.20630692581227669;1.9006087775163809,0.038744746314099347;0.015021356083410138;0.042059007634430025,True,10,False
inc_prop,MaxClique,X,6,exp_quadratic,243.1317055771566,0.9800395282329285;0.18042723600809382,0.011601879712575907;0.0013463155330915983,False,10,False
inc_prop,MaxClique,X,6,exp_decay,9728.460568586404,0.99999999999999989;0.87182040228441815,0.025480600310600027;0.004699540653103804,False,10,False
inc_prop,MaxClique,X,6,exp_over_power,9728.460572315293,0.99999999999999178;0.8718324209263949;1.5151832314691041e-13,0.047421359091905438;0.020178339591050483;0.094873368662997823,False,10,False
inc_prop,MaxClique,X,6,power_law,18801.551153674605,0.99999999999999989;3.7583702077351275,0.07584277720377483;0.037399593788784297,False,10,False
inc_prop,MaxClique,X,8,stretched_exp,139.1980837621122,0.99999999999999989;0.23005828388673624;1.7890152344665597,0.054615395580408559;0.020946035005310042;0.048921532337069584,True,11,False
inc_prop,MaxClique,X,8,exp_quadratic,220.2681469639249,0.89757614747709757;0.16422994110036696,0.015514393448994468;0.0015661170651583916,False,11,False
inc_prop,MaxClique,X,8,exp_over_power,3931.498710910691,0.99999999999992839;0.8846361617726568;2.0187723360320541e-13,0.075781463348102651;0.02896760363342438;0.13909580730125462,False,11,False
inc_prop,MaxClique,X,8,exp_decay,3931.4987135846,0.99999999999999989;0.88463834377845929,0.041328154945082608;0.0070485318255778771,False,11,False
inc_prop,MaxClique,X,8,power_law,7949.179876956381,0.99999999999999989;3.9117001190593768,0.13625954295205792;0.063876040898189934,False,11,False
inc_prop,MaxCut,Grover,4,stretched_exp,30.871663203497178,0.99999999999999989;0.24606922900617792;1.6812772135838283,0.11485581182105242;0.049533239051170269;0.10427325749408896,True,11,False
inc_prop,MaxCut,Grover,4,exp_quadratic,52.974154855560904,0.86450118042516966;0.15292726238204687,0.030874882785235924;0.0047507246114505113,False,11,False
inc_prop,MaxCut,Grover,4,exp_decay,1016.4772521884896,0.99999999999999989;0.86826618007084855,0.07385043629776826;0.01158699457418306,False,11,False
inc_prop,MaxCut,Grover,4,exp_over_power,1016.4772532734738,0.99999999999999956;0.8682783641973143;4.3229948307942115e-14,0.14780055023312438;0.062679019954587065;0.32260809492351078,False,11,False
inc_prop,MaxCut,Grover,4,power_law,1995.2956028700141,0.99999999999999989;4.1057130308663954,0.27251565128915506;0.12622391742207328,False,11,False
inc_prop,MaxCut,Grover,6,stretched_exp,11.225493758226524,0.99999999999999989;0.32171115995042937;1.468328307827091,0.1684794436473743;0.073711756239882881;0.10347917324101435,True,11,False
inc_prop,MaxCut,Grover,6,exp_quadratic,44.244816976294125,0.67194820168358071;0.12243554379242273,0.036915772625987775;0.0046751316137068257,False,11,False
inc_prop,MaxCut,Grover,6,exp_over_power,256.0294044019531,0.99999999999998901;0.82358821523763959;1.340227575032618e-13,0.21862626260245668;0.084537952463697552;0.43679336138159597,False,11,False
inc_prop,MaxCut,Grover,6,exp_decay,256.0294044724056,0.99999999999999989;0.82358934809562334,0.11415043133146649;0.016962593145783075,False,11,False
inc_prop,MaxCut,Grover,6,power_law,620.2644853119525,0.99999999999999989;3.8638822937767383,0.40064191147791217;0.18191852370575168,False,11,False
inc_prop,MaxCut,Grover,8,stretched_exp,9.530974081787416,0.99999999999999989;0.31805905615855229;1.4502632198497938,0.19346245534156986;0.090121569321931508;0.1299680831437037,True,11,False
inc_prop,MaxCut,Grover,8,exp_quadratic,29.07195272872892,0.71097990169197234;0.12588640026757841,0.042770348577633469;0.006719248980198946,False,11,False
inc_prop,MaxCut,Grover,8,exp_decay,198.7799212191481,0.99999999999999989;0.76333499486967182,0.10419763042092953;0.01708140746423668,False,11,False
inc_prop,MaxCut,Grover,8,exp_over_power,198.77992124431316,0.99999999999999423;0.76333903363065714;3.5932134918436861e-14,0.20853369055861554;0.087132000159006129;0.44877852231533083,False,11,False
inc_prop,MaxCut,Grover,8,power_law,527.0371453728013,0.99999999999999989;3.559471275704416,0.32417121150390121;0.15336466576529739,False,11,False
inc_prop,MaxCut,X,4,stretched_exp,74.04813598119827,0.99999999999999989;0.18486870987018966;1.9142826508525803,0.059869452741903403;0.026391704311432448;0.08391846985345694,True,10,False
inc_prop,MaxCut,X,4,exp_quadratic,84.38414175510702,0.97815336792792495;0.16806088218829629,0.012835546662304862;0.0030540076458322376,False,10,False
inc_prop,MaxCut,X,4,exp_over_power,30563.37528485638,0.99999999999999989;0.76591050347145762;4.030679621819751e-19,0.030152505032802188;0.019013174372268255;0.093211076354839703,False,10,False
inc_prop,MaxCut,X,4,exp_decay,30563.375321466498,0.99999999999999989;0.76593579572621406,0.010775160665307398;0.0021864634901809627,False,10,False
inc_prop,MaxCut,X,4,power_law,58222.28594158026,0.99999999999999989;3.3855612017931249,0.026671403008554324;0.014546992608476418,False,10,False
inc_prop,MaxCut,X,6,stretched_exp,105.0572640303805,0.99999999999999989;0.22443194547236797;1.7547835030803982,0.055385176026231768;0.023617351474907688;0.057204811561710846,True,11,False
inc_prop,MaxCut,X,6,exp_quadratic,174.98623861130815,0.88533195997711356;0.15375691812332992,0.013942282091301708;0.0019802325179111712,False,11,False
inc_prop,MaxCut,X,6,exp_over_power,4501.122173481198,0.99999999999999989;0.82108922560219888;2.8884665968747546e-16,0.060026122590880616;0.026188737342032427;0.12900853209728563,False,11,False
inc_prop,MaxCut,X,6,exp_decay,4501.122174011107,0.99999999999999989;0.82108949304546019,0.031791317222921958;0.0055523957090909274,False,11,False
inc_prop,MaxCut,X,6,power_law,9256.993811885292,0.99999999999999989;3.7711386655506924,0.10075662071331616;0.048552216955847743,False,11,False
inc_prop,MaxCut,X,8,stretched_exp,96.65662074582944,0.99999999999999989;0.24835314647902337;1.6259048155234495,0.059900519596167281;0.02582779457460059;0.053198322837022631,True,11,False
inc_prop,MaxCut,X,8,exp_quadratic,214.06678703576563,0.8085560984279847;0.13401325712569384,0.01460453595870337;0.0018592103979544296,False,11,False
inc_prop,MaxCut,X,8,exp_decay,2652.5108195120815,0.99999999999999989;0.75063765346725297,0.033665793022848854;0.0058963369595737818,False,11,False
inc_prop,MaxCut,X,8,exp_over_power,2652.510820458777,0.99999999999999556;0.75064434007299441;5.1481956832769793e-14,0.064082491469158953;0.026260747537285495;0.12961149636611197,False,11,False
inc_prop,MaxCut,X,8,power_law,6365.56784465965,0.99999999999999989;3.3921039478503552,0.097541336413508054;0.047440782382701732,False,11,False
inc_prop,NumberPartitioning,Grover,4,stretched_exp,34.41518937826496,0.99999999999999989;0.26868721377012011;1.5723146732970299,0.076117442865989648;0.033372449866008701;0.060049505827328334,True,11,False
inc_prop,NumberPartitioning,Grover,4,exp_quadratic,120.1030868884029,0.74751534758730986;0.12608253380621628,0.017266591040709919;0.0022827623700265609,False,11,False
inc_prop,NumberPartitioning,Grover,4,exp_over_power,1527.830812951321,0.99999999999999989;0.79974346930848017;3.0314682695299382e-16,0.09319583013436393;0.040327745064217657;0.20163444295912847,False,11,False
inc_prop,NumberPartitioning,Grover,4,exp_decay,1527.8308133185335,0.99999999999999989;0.79973754978763711,0.048901264056193987;0.0079840089523872757,False,11,False
inc_prop,NumberPartitioning,Grover,4,power_law,3401.0387701330465,0.99999999999999989;3.6829306913525479,0.15291569477596709;0.07299023747140139,False,11,False
inc_prop,NumberPartitioning,Grover,6,stretched_exp,55.13259233852578,0.99999999999999989;0.34455947871965231;1.4684995300136279,0.084381963112684075;0.040179348066255158;0.056234286452179427,True,11,False
inc_prop,NumberPartitioning,Grover,6,exp_quadratic,192.74889837586437,0.66705090733213823;0.13669338766949768,0.015530972798030796;0.002345486639622257,False,11,False
inc_prop,NumberPartitioning,Grover,6,exp_over_power,1237.2242509480457,0.99999999999999745;0.79387447174226256;3.7021315059339082e-14,0.075265592054072239;0.03379912492032721;0.16105464877235937,False,11,False
inc_prop,NumberPartitioning,Grover,6,exp_decay,1237.2242512004227,0.99999999999999989;0.79387089260189247,0.040994320260218917;0.0074927764410227596,False,11,False
inc_prop,NumberPartitioning,Grover,6,power_law,3512.615771584259,0.99999999999999989;3.5372735151069401,0.11579932694740386;0.056787594622357059,False,11,False
inc_prop,NumberPartitioning,Grover,8,stretched_exp,96.36369971162036,0.99999999999999989;0.37777256421157623;1.4750490146807265,0.076002609352765538;0.037825268434853211;0.050271575781671678,True,11,False
inc_prop,NumberPartitioning,Grover,8,exp_quadratic,300.28694789376465,0.6507124844967187;0.15482053565805709,0.012067880396759538;0.0020435013441278053,False,11,False
inc_prop,NumberPartitioning,Grover,8,exp_decay,1870.0370096366842,0.99999999999999989;0.82135017370712449,0.03135460316257644;0.0064692515297309419,False,11,False
inc_prop,NumberPartitioning,Grover,8,exp_over_power,1870.0370104816743,0.99999999999998013;0.82134848960425721;1.249364950444111e-13,0.054493518020220455;0.028765494251949731;0.12702152977809136,False,11,False
inc_prop,NumberPartitioning,Grover,8,power_law,5566.237785567919,0.99999999999999989;3.4750010652560532,0.075616387869883187;0.03887253517589246,False,11,False
inc_prop,NumberPartitioning,X,4,stretched_exp,98.98707727933652,0.99999999999999989;0.21575052110116189;1.7713886614898926,0.043540010619718343;0.018224445561448824;0.045657921346851614,True,11,False
inc_prop,NumberPartitioning,X,4,exp_quadratic,187.47481186901723,0.88298249773011994;0.14957513474183745,0.01111690085556454;0.0015325106693821549,False,11,False
inc_prop,NumberPartitioning,X,4,exp_over_power,6925.659684425337,0.99999999999999989;0.82697324436261421;1.5635589103733709e-18,0.050801273777033473;0.022797109695245451;0.11133749742255426,False,11,False
inc_prop,NumberPartitioning,X,4,exp_decay,6925.6596902816,0.99999999999999989;0.82698520276857168,0.027135415544998515;0.0047237041595315516,False,11,False
inc_prop,NumberPartitioning,X,4,power_law,13667.493151338069,0.99999999999999989;3.7675883829569909,0.084174391869874354;0.040869378924470082,False,11,False
inc_prop,NumberPartitioning,X,6,stretched_exp,73.63425560055991,0.99999999999999989;0.26547669308309019;1.6371660062076112,0.055248111505470397;0.022822867364334268;0.043251728026038515,True,11,False
inc_prop,NumberPartitioning,X,6,exp_quadratic,232.88329394992306,0.75810695227748792;0.13888550615585071,0.012827210395563508;0.0013939491740349872,False,11,False
inc_prop,NumberPartitioning,X,6,exp_decay,3197.1743056780347,0.99999999999999989;0.83750827135941874,0.037857245991183536;0.0063190684712120188,False,11,False
inc_prop,NumberPartitioning,X,6,exp_over_power,3197.1743070679568,0.99999999999996592;0.83751401752251231;2.0243870581264373e-13,0.06861164893788306;0.026599121786135105;0.12962117880702761,False,11,False
inc_prop,NumberPartitioning,X,6,power_law,7238.6592091823095,0.99999999999999989;3.811533428314378,0.1252705006709155;0.058684959303106903,False,11,False
inc_prop,NumberPartitioning,X,8,stretched_exp,102.46357646428645,0.99999999999999989;0.31395506864918249;1.5330207671313916,0.053926367866510096;0.023696972542638486;0.037695125294831267,True,11,False
inc_prop,NumberPartitioning,X,8,exp_quadratic,383.6547052987116,0.67897310087698082;0.13702065880199474,0.010586262420356464;0.0013137889064043827,False,11,False
inc_prop,NumberPartitioning,X,8,exp_over_power,3379.5822464156017,0.99999999999999944;0.78395780980977925;2.1450873663068704e-15,0.052362484148642481;0.020286813997194827;0.097770171496665767,False,11,False
inc_prop,NumberPartitioning,X,8,exp_decay,3379.582247109022,0.99999999999999989;0.78395858142733554,0.027190269183994486;0.0050242064478176716,False,11,False
inc_prop,NumberPartitioning,X,8,power_law,9843.93259789582,0.99999999999999989;3.4545537092582217,0.080368247014975622;0.038861538766457746,False,11,False
inc_prop,SK,Grover,4,stretched_exp,50.191911685872014,0.99999999999999989;0.26208050803217431;1.5533865888930269,0.066892236346444464;0.028967738528855504;0.053167415541677511,True,11,False
inc_prop,SK,Grover,4,exp_quadratic,168.477176021511,0.74707648779204527;0.11860314780068397,0.015616061848967933;0.001890633487227688,False,11,False
inc_prop,SK,Grover,4,exp_decay,1693.9841466348255,0.99999999999999989;0.74528844583770792,0.04130859398251828;0.0068334935358335333,False,11,False
inc_prop,SK,Grover,4,exp_over_power,1693.9841474562877,0.99999999999999978;0.74529384719795599;3.9894099283714022e-14,0.078323203685613865;0.031925468894698952;0.16018314920078719,False,11,False
inc_prop,SK,Grover,4,power_law,4126.095237126841,0.99999999999999989;3.4231074085274167,0.12275071058345451;0.05884785106362634,False,11,False
inc_prop,SK,Grover,6,stretched_exp,50.592261088641585,0.99999999999999989;0.27916864688143184;1.4047388197885442,0.068584166840471611;0.030196781401274998;0.046778714375734345,True,11,False
inc_prop,SK,Grover,6,exp_quadratic,258.33382258361587,0.65916989407532445;0.086638474296542173,0.014522691882876164;0.0014207800477932572,False,11,False
inc_prop,SK,Grover,6,exp_over_power,844.2181020934297,0.99999999999999978;0.62822687037769309;4.1104905926893177e-15,0.074988257249884852;0.030003043828103853;0.15156354427199101,False,11,False
inc_prop,SK,Grover,6,exp_decay,844.2181023745364,0.99999999999999989;0.62822930523102838,0.039721015220226315;0.0063356271836081694,False,11,False
inc_prop,SK,Grover,6,power_law,2668.1653209704273,0.99999999999999989;2.8331560627515775,0.099046244305327255;0.047666303590825534,False,11,False
inc_prop,SK,Grover,8,stretched_exp,44.2720140324293,0.99999999999999989;0.30728441185672833;1.3392683353156458,0.097463580381317527;0.046287454013250171;0.06479195868786658,True,11,False
inc_prop,SK,Grover,8,exp_quadratic,160.7569521088334,0.67599935253524068;0.092605372243200756,0.019962337527867493;0.0025233162010361047,False,11,False
inc_prop,SK,Grover,8,exp_over_power,378.8984014657876,0.99999999999999989;0.59083534330135812;1.6424593139129209e-15,0.086683133410742796;0.036044085948941255;0.1804603675412455,False,11,False
inc_prop,SK,Grover,8,exp_decay,378.8984015284964,0.99999999999999989;0.59083701453194526,0.045234953671214717;0.0080263875787788229,False,11,False
inc_prop,SK,Grover,8,power_law,1435.043474235097,0.99999999999999989;2.6374007449352801,0.10406443023272524;0.052252180546944166,False,11,False
inc_prop,SK,X,4,stretched_exp,83.04030632738649,0.99999999999999989;0.22618548511659944;1.7136985104228315,0.048196285400222895;0.020226663785246742;0.046852810168454245,True,11,False
inc_prop,SK,X,4,exp_quadratic,185.19198554216774,0.8502750462876979;0.14160195318433585,0.0124417172227635;0.0016870314773600856,False,11,False
inc_prop,SK,X,4,exp_over_power,4984.464510906431,0.99999999999999989;0.81621380315292669;1.8471947935697669e-16,0.059640927040816825;0.026084400896155387;0.12917971031021189,False,11,False
inc_prop,SK,X,4,exp_decay,4984.4645138808155,0.99999999999999989;0.81621555420918734,0.031177744274806171;0.0052806411440100695,False,11,False
inc_prop,SK,X,4,power_law,10058.520020802973,0.99999999999999989;3.7411460347533958,0.098443683991624217;0.047422462597067228,False,11,False
inc_prop,SK,X,6,stretched_exp,62.417653895689824,0.99999999999999989;0.25384678674905126;1.6351606364090074,0.064852982649882485;0.026751867808477058;0.052562046406938803,True,11,False
inc_prop,SK,X,6,exp_quadratic,169.18621214999536,0.78151307231963318;0.13407415184623636,0.015954033278959636;0.0018077248417689411,False,11,False
inc_prop,SK,X,6,exp_decay,2179.998519737241,0.99999999999999989;0.81470217110454313,0.04499979518191409;0.0073326327383479769,False,11,False
inc_prop,SK,X,6,exp_over_power,2179.998520524038,0.99999999999999767;0.81470346488920942;7.2960946993415636e-15,0.08284007175399985;0.032788707695321821;0.16193040301996278,False,11,False
inc_prop,SK,X,6,power_law,4814.914336247186,0.99999999999999989;3.7244312427891395,0.14555088847010575;0.068182588961609919,False,11,False
inc_prop,SK,X,8,stretched_exp,111.18160068859464,0.99999999999999989;0.24447839733380222;1.6142972515085199,0.049202309618692854;0.020778928549144111;0.041637310074508008,True,11,False
inc_prop,SK,X,8,exp_quadratic,307.83806673452756,0.77658696411309769;0.12260156633548183,0.01148768453749726;0.0012981564073814085,False,11,False
inc_prop,SK,X,8,exp_over_power,3310.959006715419,0.99999999999999745;0.75680480739406275;4.2944350677044647e-14,0.057343969371007684;0.024787341322444294;0.11954437890449089,False,11,False
inc_prop,SK,X,8,exp_decay,3310.959007685923,0.99999999999999989;0.75680604193513923,0.031913349812890388;0.0053925351595555055,False,11,False
inc_prop,SK,X,8,power_law,7654.255200689465,0.99999999999999989;3.4000849071325194,0.088916495843200369;0.042984238578207011,False,11,False
inc_prop,ThreeSAT,Grover,4,stretched_exp,15.252786732499562,0.99999999999999989;0.36322057311807471;1.4619671597518313,0.18400013567224111;0.080150328038299121;0.10048274809156178,True,11,False
inc_prop,ThreeSAT,Grover,4,exp_quadratic,57.64860522656493,0.61867101344328579;0.13365614917627627,0.035798658615206543;0.0042707609623656283,False,11,False
inc_prop,ThreeSAT,Grover,4,exp_over_power,238.2009654202737,0.99999999999999534;0.89054162097239176;1.6036672500723155e-14,0.2324807327847298;0.090458539842053043;0.44793290757592957,False,11,False
inc_prop,ThreeSAT,Grover,4,exp_decay,238.20096549647732,0.99999999999999989;0.8905402153116283,0.12690664762463813;0.019067484098480365,False,11,False
inc_prop,ThreeSAT,Grover,4,power_law,584.5943451212943,0.99999999999999989;4.000379042308313,0.4314670776901437;0.19557235401555256,False,11,False
inc_prop,ThreeSAT,Grover,6,stretched_exp,12.537924751509614,0.99999999999999989;0.37535964477938105;1.4112295872305374,0.20929857902311833;0.094911960565408848;0.11334694035151151,True,11,False
inc_prop,ThreeSAT,Grover,6,exp_quadratic,45.37393877016241,0.6230100746513314;0.12948784989419215,0.040749522273995233;0.0053775398286421234,False,11,False
inc_prop,ThreeSAT,Grover,6,exp_over_power,164.4004286622827,0.99999999999999467;0.83846489344202257;4.9207086311647497e-14,0.23533509780650683;0.089356606639856132;0.45302791207263315,False,11,False
inc_prop,ThreeSAT,Grover,6,exp_decay,164.40042868374272,0.99999999999999989;0.83846445038475792,0.1255405189870589;0.019202206858509045,False,11,False
inc_prop,ThreeSAT,Grover,6,power_law,455.20471621219866,0.99999999999999989;3.8573874318677785,0.43026801363097855;0.19522925659564255,False,11,False
inc_prop,ThreeSAT,Grover,8,stretched_exp,8.417704435021452,0.99999999999999989;0.3649281596145808;1.3990170804702731,0.23360246579104546;0.10620441483725918;0.12801218924690383,True,11,False
inc_prop,ThreeSAT,Grover,8,exp_quadratic,31.192383384794876,0.64812822248073798;0.12656232032901527,0.049404534066295407;0.0070039420126364483,False,11,False
inc_prop,ThreeSAT,Grover,8,exp_decay,122.26261429155464,0.99999999999999989;0.81322434167592439,0.14039401904377974;0.021209006590007618,False,11,False
inc_prop,ThreeSAT,Grover,8,exp_over_power,122.262614294069,0.99999999999999989;0.81322215238835815;1.287367738275901e-15,0.27204969256198541;0.10443094556392198;0.54104987896020151,False,11,False
inc_prop,ThreeSAT,Grover,8,power_law,333.94569773567304,0.99999999999999989;3.794461464718661,0.48173577606048296;0.21898588591986179,False,11,False
inc_prop,ThreeSAT,X,4,stretched_exp,94.80581812083837,0.99999999999999989;0.17785094631671727;2.001679821164152,0.053021129687552765;0.022145584611086764;0.075954935001339013,True,11,False
inc_prop,ThreeSAT,X,4,exp_quadratic,94.81273601049051,0.99999999999999989;0.17813317414940935,0.012172814765889939;0.0023354537093349579,False,11,False
inc_prop,ThreeSAT,X,4,exp_decay,14331.569631127688,0.99999999999999989;0.84422349765483051,0.019841819656985976;0.0037829270409750469,False,11,False
inc_prop,ThreeSAT,X,4,exp_over_power,14331.569631230412,0.99999999999999989;0.84422351449197075;3.0559139185328576e-16,0.040712781294074865;0.023685912340113763;0.1121275947931567,False,11,False
inc_prop,ThreeSAT,X,4,power_law,25274.8359291731,0.99999999999999989;3.7152364758138674,0.053394900160369831;0.027379318935302294,False,11,False
inc_prop,ThreeSAT,X,6,stretched_exp,64.53506051336382,0.99999999999999989;0.18570579284496627;1.9695211167283446,0.076784438611636446;0.031884840570657401;0.10288613911549947,True,10,False
inc_prop,ThreeSAT,X,6,exp_quadratic,65.44043468803315,0.99999999999998002;0.18011059093308598,0.019370452802845974;0.0033970105893642356,False,10,False
inc_prop,ThreeSAT,X,6,exp_decay,5152.21355198358,0.99999999999999989;0.89947499415667864,0.038082836406818393;0.0067027979402468135,False,10,False
inc_prop,ThreeSAT,X,6,exp_over_power,5152.213558702256,0.99999999999999989;0.8994536431117075;3.8908488472475135e-19,0.076757072291762901;0.041945256061159564;0.20081823178275601,False,10,False
inc_prop,ThreeSAT,X,6,power_law,8724.688039279918,0.99999999999999989;3.9680091606509369,0.11280910433132092;0.05628965927567367,False,10,False
inc_prop,ThreeSAT,X,8,stretched_exp,120.13671296824317,0.99999999999999989;0.18970940056860583;1.9237874117779752,0.056039889160115569;0.023647513632340467;0.073040536274940074,True,11,False
inc_prop,ThreeSAT,X,8,exp_quadratic,131.42198790066684,0.99193040613214345;0.17424809200640318,0.013821465320804803;0.0024264475497794355,False,11,False
inc_prop,ThreeSAT,X,8,exp_decay,8191.199727381909,0.99999999999999989;0.82930249389111277,0.024821466653563811;0.0046465231322884186,False,11,False
inc_prop,ThreeSAT,X,8,exp_over_power,8191.1997358227245,0.99999999999999989;0.82930058993210365;4.0992933558953396e-16,0.047288651622900087;0.024977511227442215;0.11891682156408701,False,11,False
inc_prop,ThreeSAT,X,8,power_law,15278.894580422388,0.99999999999999989;3.7162371432783763,0.06970471542101099;0.034885509993569735,False,11,False
mono_prop,MaxClique,Grover,4,stretched_exp,87705.781306058,0.99999999999999989;0.00022709197831792983;4.9999999999999991,0.00028260614126278258;1.429742136826318e-05;0.035517766367168052,True,11,False
mono_prop,MaxClique,Grover,4,exp_quadratic,9053820.956748541,0.99999999999999989;0.027460221003167477,5.220917318748512e-05;6.2486857165429467e-06,False,11,False
mono_prop,MaxClique,Grover,4,exp_decay,89743177.61613047,0.99999999999999989;0.19370390117624572,8.2783275164394088e-05;2.2347958696240817e-05,False,11,False
mono_prop,MaxClique,Grover,4,exp_over_power,89743177.87938076,0.99999999999999989;0.19370662137979464;3.1413900368966943e-18,0.0007966945008249203;0.00044757719153524302;0.0024305037166875388,False,11,False
mono_prop,MaxClique,Grover,4,power_law,156960353.1265041,0.99999999999999989;0.79107710766006112,0.00011281542149627493;9.449578249475341e-05,False,11,False
mono_prop,MaxClique,Grover,6,stretched_exp,130209.24800456018,0.99999999999999989;0.00027625187457847489;4.9999999999999813,0.00028988784914861385;1.5095299139724942e-05;0.032358794373010716,True,11,False
mono_prop,MaxClique,Grover,6,exp_quadratic,5765165.354031902,0.99999999999999989;0.022765593321755276,5.6873392519513646e-05;7.3492001331506806e-06,False,11,False
mono_prop,MaxClique,Grover,6,exp_over_power,50051827.68562774,0.99999999999999989;0.14015293660771269;2.2281568736026071e-18,0.00082827534788338969;0.00046801533052696339;0.0025344234721923031,False,11,False
mono_prop,MaxClique,Grover,6,exp_decay,50051827.68945557,0.99999999999999989;0.14016196803596115,8.54892384327567e-05;2.6040386820289106e-05,False,11,False
mono_prop,MaxClique,Grover,6,power_law,84124453.98591991,0.99999999999999989;0.53055878656980882,0.00011086061984132058;0.00010595752668821407,False,11,False
mono_prop,MaxClique,Grover,8,stretched_exp,44567.99361649378,0.99999999999999989;0.00021257931622325991;4.9999999999999991,0.00040081818060794402;2.0467849085074117e-05;0.055158312015611999,True,11,False
mono_prop,MaxClique,Grover,8,exp_quadratic,2311256.317215242,0.99999999999999989;0.018012208250156501,7.4696068058471921e-05;1.0421750198406657e-05,False,11,False
mono_prop,MaxClique,Grover,8,exp_decay,16869890.075942557,0.99999999999999989;0.09150526903636938,0.00011107585225774848;3.8580007849900858e-05,False,11,False
mono_prop,MaxClique,Grover,8,exp_over_power,16869890.08361608,0.99999999999999989;0.091505813419266613;1.2338219027016808e-15,0.0012140979206861327;0.0006885282816707168;0.0037254693383185289,False,11,False
mono_prop,MaxClique,Grover,8,power_law,26053288.91970694,0.99999999999999989;0.30803525596850967,0.00014293101170366623;0.00015721470868785317,False,11,False
mono_prop,MaxClique,X,4,stretched_exp,3094861.8244936955,0.99999999999999989;0.00019519947000099658;4.9999999999999991,4.2188840890860927e-05;2.0941974724216415e-06;0.0058243333501135268,True,11,False
mono_prop,MaxClique,X,4,exp_quadratic,582541584.0636355,0.99999999999999989;0.027626132442091462,6.6395154207269865e-06;8.1198061801199231e-07,False,11,False
mono_prop,MaxClique,X,4,exp_decay,5333768425.3946905,0.99999999999999989;0.18377795950797382,1.0445351292460396e-05;2.9190313901697158e-06,False,11,False
mono_prop,MaxClique,X,4,exp_over_power,5333768425.576744,0.99999999999999989;0.18379058869501491;3.7429627865384025e-15,9.508062682509765e-05;5.5968162717345772e-05;0.00029730948363587332,False,11,False
mono_prop,MaxClique,X,4,power_law,9040849268.99726,0.99999999999999989;0.72860084791299162,1.393179222722077e-05;1.208796291886998e-05,False,11,False
mono_prop,MaxClique,X,6,stretched_exp,2677497.1072384357,0.99999999999999989;0.0001835173265636259;4.9999999999999991,4.3044738365718335e-05;2.1295809048589169e-06;0.006260339121299573,True,10,False
mono_prop,MaxClique,X,6,exp_quadratic,490130344.50533944,0.99999999999999989;0.024669901038540793,6.7145965689512666e-06;8.7378173648351386e-07,False,10,False
mono_prop,MaxClique,X,6,exp_over_power,3850109711.9553385,0.99999999999999989;0.14176726173119875;1.9924927106800995e-18,0.00011648919348656277;7.3358853588409968e-05;0.00037865581132702904,False,10,False
mono_prop,MaxClique,X,6,exp_decay,3850109719.8616953,0.99999999999999989;0.1417649142498047,1.0270826379535178e-05;3.199761155341954e-06,False,10,False
mono_prop,MaxClique,X,6,power_law,6109864185.531493,0.99999999999999989;0.51774701608270746,1.3124953605521835e-05;1.2784133653342694e-05,False,10,False
mono_prop,MaxClique,X,8,stretched_exp,1951854.4396068237,0.99999999999999989;0.00016050225973936918;4.9999999999999991,4.4812117262868033e-05;2.1893605845201633e-06;0.0071915781265721145,True,11,False
mono_prop,MaxClique,X,8,exp_quadratic,468085017.694302,0.99999999999999989;0.024468018657149933,6.5708756293109226e-06;8.1660406250145193e-07,False,11,False
mono_prop,MaxClique,X,8,exp_over_power,4436557047.566579,0.99999999999999989;0.16113753133003428;9.9698587904999888e-18,0.00010995245186460001;6.1878291201391335e-05;0.00033606059987470016,False,11,False
mono_prop,MaxClique,X,8,exp_decay,4436557049.931668,0.99999999999999989;0.16115050556890193,1.0090357645509787e-05;2.9215237352276102e-06,False,11,False
mono_prop,MaxClique,X,8,power_law,7629793012.3922615,0.99999999999999989;0.63199459910199862,1.3309849091658165e-05;1.2041693749180323e-05,False,11,False
mono_prop,MaxCut,Grover,4,stretched_exp,156199.36766912733,0.99999999999999989;0.00010936719319793231;4.9999999999999991,0.0001043508491948172;4.9517214742561531e-06;0.02262703819778775,True,11,False
mono_prop,MaxCut,Grover,4,exp_quadratic,92748092.60551663,0.99999999999999989;0.025935057320232973,1.5114502152400414e-05;1.7859047508463123e-06,False,11,False
mono_prop,MaxCut,Grover,4,exp_decay,974943631.9396672,0.99999999999999989;0.18456454866472102,2.3917030999642613e-05;6.5430243393531197e-06,False,11,False
mono_prop,MaxCut,Grover,4,exp_over_power,974943632.6720788,0.99999999999999989;0.18455359609515543;1.3211935526815037e-19,0.00033481253064419274;0.00018563832880311019;0.0010166488719756638,False,11,False
mono_prop,MaxCut,Grover,4,power_law,1717411720.851152,0.99999999999999989;0.75081828499207737,3.2417168122801886e-05;2.7612672865586395e-05,False,11,False
mono_prop,MaxCut,Grover,6,stretched_exp,22578.617057056144,0.99999999999999989;0.00088309077616070082;4.9999999999999485,0.0013831089906408075;8.0385314648801165e-05;0.063648577879429111,True,11,False
mono_prop,MaxCut,Grover,6,exp_quadratic,370983.5726836177,0.99999999999999989;0.040782158076583544,0.00038914545199958346;4.3865825936144599e-05,False,11,False
mono_prop,MaxCut,Grover,6,exp_decay,3374784.5429602917,0.99999999999999989;0.32159254575652585,0.00071249233770334717;0.00015556166182500766,False,11,False
mono_prop,MaxCut,Grover,6,exp_over_power,3374784.5478606713,0.99999999999999989;0.32159102773292153;2.6637923823864946e-20,0.0037308199453614517;0.0021013331859498752;0.011271493906497624,False,11,False
mono_prop,MaxCut,Grover,6,power_law,5755103.30695222,0.99999999999999989;1.4213488911832102,0.0011398838801625856;0.00075857130008899053,False,11,False
mono_prop,MaxCut,Grover,8,stretched_exp,29397.70459753177,0.99999999999999989;0.00062988746279267005;4.999999999998372,0.0010042609226432664;5.6542103791912248e-05;0.060087445204837726,True,11,False
mono_prop,MaxCut,Grover,8,exp_quadratic,562688.8717498551,0.99999999999999989;0.032902223485210699,0.00025591295462605693;3.0113564945407954e-05,False,11,False
mono_prop,MaxCut,Grover,8,exp_over_power,5274292.440464575,0.99999999999999989;0.24416981623916068;8.169169298396325e-20,0.0027087100448351139;0.0015223109105693372;0.0082156275697829028,False,11,False
mono_prop,MaxCut,Grover,8,exp_decay,5274292.45073485,0.99999999999999989;0.24418777473137754,0.00042476424824072149;0.00010454671661665783,False,11,False
mono_prop,MaxCut,Grover,8,power_law,9220830.296957362,0.99999999999999989;1.0385525902962764,0.00061361954603817684;0.00046378857097501496,False,11,False
mono_prop,MaxCut,X,4,stretched_exp,756368.137941064,0.99999999999999989;0.00010657916320777607;4.9999999999999982,4.7018517754642636e-05;2.2215969287880239e-06;0.010316962000841269,True,10,False
mono_prop,MaxCut,X,4,exp_quadratic,387362615.7896367,0.99999999999999989;0.021693170146139088,6.6749831238636097e-06;8.8818669252962633e-07,False,10,False
mono_prop,MaxCut,X,4,exp_decay,2994130266.351802,0.99999999999999989;0.11769699891553032,1.0127740181875647e-05;3.3281768594328836e-06,False,10,False
mono_prop,MaxCut,X,4,exp_over_power,2994130268.158472,0.99999999999999989;0.11770318003756501;9.2660596005450735e-16,0.00017186283804226531;0.00010622586575087247;0.00055373834455327373,False,10,False
mono_prop,MaxCut,X,4,power_law,4666312922.9447975,0.99999999999999989;0.41350683776560654,1.2880712768235051e-05;1.3307751974879669e-05,False,10,False
mono_prop,MaxCut,X,6,stretched_exp,1349672.628555118,0.99999999999999989;0.00013201224781680832;4.9999999999999991,4.577180684311272e-05;2.2181042914433989e-06;0.0087272173197377595,True,11,False
mono_prop,MaxCut,X,6,exp_quadratic,395404777.6925327,0.99999999999999989;0.022342846620998048,6.5286509026141309e-06;8.2114961958977185e-07,False,11,False
mono_prop,MaxCut,X,6,exp_over_power,3774062421.3144746,0.99999999999999989;0.14327755062415648;4.8618888954814316e-19,0.0001357787850210199;7.5164747769562783e-05;0.00041189451078948904,False,11,False
mono_prop,MaxCut,X,6,exp_decay,3774062422.375416,0.99999999999999989;0.1432772505299901,9.9021415659506949e-06;2.9730314565134082e-06,False,11,False
mono_prop,MaxCut,X,6,power_law,6462880504.800573,0.99999999999999989;0.5500455959651207,1.2925652996815666e-05;1.2191778576743464e-05,False,11,False
mono_prop,MaxCut,X,8,stretched_exp,750846.4359162496,0.99999999999999989;9.7542748462212789e-05;4.9999999999999991,4.5503071372601657e-05;2.1626247253482708e-06;0.01111220834374611,True,11,False
mono_prop,MaxCut,X,8,exp_quadratic,246291038.2596388,0.99999999999999989;0.016700421119477182,6.664763624300232e-06;9.3481993125730205e-07,False,11,False
mono_prop,MaxCut,X,8,exp_decay,1806199462.7605724,0.99999999999999989;0.081878916760195514,1.0009298971419567e-05;3.5698061526055993e-06,False,11,False
mono_prop,MaxCut,X,8,exp_over_power,1806199464.8612323,0.99999999999999989;0.081883370802313782;2.6727162176633795e-14,0.00015254666498348295;8.5575409644505633e-05;0.00046618268876603779,False,11,False
mono_prop,MaxCut,X,8,power_law,2740912065.1036406,0.99999999999999989;0.26753430878204343,1.2984425937424733e-05;1.4694186578046328e-05,False,11,False
mono_prop,NumberPartitioning,Grover,4,stretched_exp,916664.9304944875,0.99999999999999989;0.00010366522201534523;4.9999999999999991,4.4478144306669231e-05;2.1309508305131907e-06;0.010468179248981224,True,11,False
mono_prop,NumberPartitioning,Grover,4,exp_quadratic,240397947.13768178,0.99999999999999989;0.016487862622539005,6.6561498063484517e-06;9.3355814696361216e-07,False,11,False
mono_prop,NumberPartitioning,Grover,4,exp_over_power,1772338604.0144377,0.99999999999999989;0.080874431769461616;2.7701212221572336e-14,0.00015897257501501426;8.8579656902222783e-05;0.00048415302829711657,False,11,False
mono_prop,NumberPartitioning,Grover,4,exp_decay,1772338604.037898,0.99999999999999989;0.080874444002854207,9.9985798001151557e-06;3.5723775223846401e-06,False,11,False
mono_prop,NumberPartitioning,Grover,4,power_law,2691579890.005351,0.99999999999999989;0.2637405600872178,1.299075326175288e-05;1.4735698272273694e-05,False,11,False
mono_prop,NumberPartitioning,Grover,6,stretched_exp,430105.0793757272,0.99999999999999989;6.5792126660636375e-05;4.999999999999055,4.5888544906451631e-05;2.1583927155046892e-06;0.016122865086230086,True,11,False
mono_prop,NumberPartitioning,Grover,6,exp_quadratic,78018957.66726792,0.99999999999999989;0.0080147297002596558,7.3993369115410603e-06;1.2851604752099516e-06,False,11,False
mono_prop,NumberPartitioning,Grover,6,exp_decay,256133821.85695654,0.99999999999999989;0.016278193017300296,1.5563023436901789e-05;7.1484792531943079e-06,False,11,False
mono_prop,NumberPartitioning,Grover,6,exp_over_power,256133821.85705408,0.99999999999999989;0.016278191651965528;2.1226410480170277e-13,0.00030547311389593777;0.00017063382257734226;0.00093199545001600929,False,11,False
mono_prop,NumberPartitioning,Grover,6,power_law,286909183.9783529,0.99999999999999989;0.034840981962038345,2.5360819450820186e-05;3.5226213380361033e-05,False,11,False
mono_prop,NumberPartitioning,Grover,8,stretched_exp,260237.80289389953,0.99999999999999989;4.7637817229225669e-05;4.9999999999982254,4.7277690051805784e-05;2.1978992848028573e-06;0.022140578125828873,True,11,False
mono_prop,NumberPartitioning,Grover,8,exp_quadratic,25334291.08137015,0.99999999999999989;0.0035590277239412422,9.2167091932083921e-06;1.8976954779933457e-06,False,11,False
mono_prop,NumberPartitioning,Grover,8,exp_over_power,42317133.746025726,0.99999999999999989;0.0029530762400872927;4.4447263592962783e-16,0.00060513476900855086;0.00034120875049334419;0.0018550284829035287,False,11,False
mono_prop,NumberPartitioning,Grover,8,exp_decay,42317133.74604518,0.99999999999999989;0.0029530872447940042,3.3524431994457052e-05;1.6492011730846215e-05,False,11,False
mono_prop,NumberPartitioning,Grover,8,power_law,43212553.79940141,0.99999999999999989;0.0054402180711244884,6.1246098062401138e-05;8.7825019499277959e-05,False,11,False
mono_prop,NumberPartitioning,X,4,stretched_exp,1302717.2533050764,0.99999999999999989;0.00012933461714198418;4.9999999999999991,4.3604796464650239e-05;2.1025550264853225e-06;0.0083793204838476607,True,11,False
mono_prop,NumberPartitioning,X,4,exp_quadratic,420245649.18738943,0.99999999999999989;0.023240202929150397,6.5081015924675447e-06;8.0284866342577507e-07,False,11,False
mono_prop,NumberPartitioning,X,4,exp_over_power,4168070154.0529265,0.99999999999999989;0.15448496324535299;9.3409106269528288e-19,0.00014300369348341655;7.8922082921677067e-05;0.00043319480338750022,False,11,False
mono_prop,NumberPartitioning,X,4,exp_decay,4168070160.922102,0.99999999999999989;0.15449439012936711,9.9721293117157868e-06;2.9124520034168352e-06,False,11,False
mono_prop,NumberPartitioning,X,4,power_law,7228807684.511445,0.99999999999999989;0.60481719181322613,1.3138699707497702e-05;1.2026256696317502e-05,False,11,False
mono_prop,NumberPartitioning,X,6,stretched_exp,2405423.641186582,0.99999999999999989;0.00016148039863102574;4.9999999999999991,4.1893184279991854e-05;2.0709651496114759e-06;0.0069189510531226074,True,11,False
mono_prop,NumberPartitioning,X,6,exp_quadratic,374965663.7411711,0.99999999999999989;0.021568022016221398,6.5430530511373652e-06;8.3549965162363488e-07,False,11,False
mono_prop,NumberPartitioning,X,6,exp_over_power,3478615178.74636,0.99999999999999989;0.13480519214336845;5.4517199639914636e-18,0.00013264469809327157;7.3282098008026032e-05;0.00040192065212373175,False,11,False
mono_prop,NumberPartitioning,X,6,exp_decay,3478615181.384468,0.99999999999999989;0.13481561204140555,9.8510753871632167e-06;3.0191779802764563e-06,False,11,False
mono_prop,NumberPartitioning,X,6,power_law,5905127855.244907,0.99999999999999989;0.50994842726688749,1.2791301600140482e-05;1.2339347783102792e-05,False,11,False
mono_prop,NumberPartitioning,X,8,stretched_exp,1762080.1504675685,0.99999999999999989;0.00013847496379141151;4.9999999999999991,4.2648003887288707e-05;2.0907101512395704e-06;0.0080247589655752516,True,11,False
mono_prop,NumberPartitioning,X,8,exp_quadratic,292030210.3265977,0.99999999999999989;0.018500985701945676,6.6103663866598354e-06;8.9491685836585328e-07,False,11,False
mono_prop,NumberPartitioning,X,8,exp_decay,2364253379.3220234,0.99999999999999989;0.10064365537596319,9.8407716863302682e-06;3.3122846120345379e-06,False,11,False
mono_prop,NumberPartitioning,X,8,exp_over_power,2364253380.527626,0.99999999999999989;0.10064907412335571;8.7483675432066171e-16,0.00013825016052942387;7.7007652456187754e-05;0.00042078515135491272,False,11,False
mono_prop,NumberPartitioning,X,8,power_law,3773541255.503968,0.99999999999999989;0.35035681683115805,1.2655609087485829e-05;1.3496849930994615e-05,False,11,False
mono_prop,SK,Grover,4,stretched_exp,920325.9817520814,0.99999999999999989;9.8602828910112223e-05;4.9999999999999991,4.3666694037745154e-05;2.0927536012397999e-06;0.010824043982776851,True,11,False
mono_prop,SK,Grover,4,exp_quadratic,190142671.538019,0.99999999999999989;0.014264656683396028,6.7457362952851779e-06;9.9062891753190118e-07,False,11,False
mono_prop,SK,Grover,4,exp_decay,1215703070.7134972,0.99999999999999989;0.060416566601160362,1.0424053120761789e-05;3.9877677058499097e-06,False,11,False
mono_prop,SK,Grover,4,exp_over_power,1215703070.7377682,0.99999999999999989;0.060414405065029674;5.4030840160394807e-17,0.00017890895330723109;9.9475955228461792e-05;0.00054436862586606583,False,11,False
mono_prop,SK,Grover,4,power_law,1722888724.9136891,0.99999999999999989;0.18009293556283285,1.396102940404187e-05;1.6919612035633483e-05,False,11,False
mono_prop,SK,Grover,6,stretched_exp,926448.0435380818,0.99999999999999989;9.165318890065247e-05;4.9999999999999671,4.3642183055032158e-05;2.103707819245219e-06;0.011836863261236102,True,11,False
mono_prop,SK,Grover,6,exp_quadratic,88579571.58705944,0.99999999999999989;0.0085509068952807684,7.3904085132623416e-06;1.2769951165090751e-06,False,11,False
mono_prop,SK,Grover,6,exp_over_power,294773463.4199736,0.99999999999999989;0.018182506702188787;1.2657580765054628e-13,0.00023048572174783256;0.00013148158157703059;0.00071059777769411114,False,11,False
mono_prop,SK,Grover,6,exp_decay,294773463.43221354,0.99999999999999989;0.018182160010605956,1.5069944683636554e-05;6.8698047239958483e-06,False,11,False
mono_prop,SK,Grover,6,power_law,332925925.0623667,0.99999999999999989;0.03987342081054529,2.4068274815394237e-05;3.3267636958716876e-05,False,11,False
mono_prop,SK,Grover,8,stretched_exp,506029.54751769925,0.99999999999999989;6.9374660168218083e-05;4.9999999999999849,4.7937184466797454e-05;2.2805278261735845e-06;0.016495808124510833,True,11,False
mono_prop,SK,Grover,8,exp_quadratic,46577275.869702004,0.99999999999999989;0.0055157924562523391,8.1470270420066549e-06;1.552737627523787e-06,False,11,False
mono_prop,SK,Grover,8,exp_over_power,103248406.0996615,0.99999999999999989;0.0069302943857458147;1.0210609715023599e-14,0.00036233042273725878;0.0002056845730920815;0.0011143209959756019,False,11,False
mono_prop,SK,Grover,8,exp_decay,103248406.10024235,0.99999999999999989;0.006930355318510017,2.2595856309546416e-05;1.0885549124667258e-05,False,11,False
mono_prop,SK,Grover,8,power_law,108342755.06875826,0.99999999999999989;0.013445011730396646,3.9603325759923736e-05;5.6294809447866177e-05,False,11,False
mono_prop,SK,X,4,stretched_exp,1499630.5754294463,0.99999999999999989;0.00013334108196323341;4.9999999999999991,4.4277702558006159e-05;2.1555064144655362e-06;0.0084748571454134076,True,11,False
mono_prop,SK,X,4,exp_quadratic,337464479.73728275,0.99999999999999989;0.020147768646384116,6.6021331669850274e-06;8.7463112708150829e-07,False,11,False
mono_prop,SK,X,4,exp_decay,2840446135.301175,0.99999999999999989;0.11521075579053068,9.8593969489349037e-06;3.196627990776089e-06,False,11,False
mono_prop,SK,X,4,exp_over_power,2840446138.6929703,0.99999999999999989;0.11521955510611115;1.5442333717842815e-15,0.00012652516679560299;7.1394286389113977e-05;0.00038760235701710286,False,11,False
mono_prop,SK,X,4,power_law,4626839719.302202,0.99999999999999989;0.41479117153512329,1.2663022627630974e-05;1.2963570827808784e-05,False,11,False
mono_prop,SK,X,6,stretched_exp,1299840.3971188944,0.99999999999999989;0.00012229890174898295;4.9999999999999991,4.3668860344168469e-05;2.1098167089927583e-06;0.0089261801877127019,True,11,False
mono_prop,SK,X,6,exp_quadratic,288279978.2532081,0.99999999999999989;0.018422454668008997,6.5947603997017532e-06;8.8938839295858786e-07,False,11,False
mono_prop,SK,X,6,exp_decay,2372134075.11272,0.99999999999999989;0.10107802950495198,9.8189036006322996e-06;3.2958758272253329e-06,False,11,False
mono_prop,SK,X,6,exp_over_power,2372134076.1889577,0.99999999999999989;0.10108366212566364;8.7610824076924674e-16,0.00014622622003366412;8.0973584090770012e-05;0.00044378591517155836,False,11,False
mono_prop,SK,X,6,power_law,3803844421.9479904,0.99999999999999989;0.35300865424944078,1.2636000851655493e-05;1.3444393781177999e-05,False,11,False
mono_prop,SK,X,8,stretched_exp,1221304.2929002123,0.99999999999999989;0.0001186908224158339;4.9999999999999991,4.4283948905482072e-05;2.1410507005111781e-06;0.0093419320352432656,True,11,False
mono_prop,SK,X,8,exp_quadratic,217136592.27070513,0.99999999999999989;0.01534023365185296,6.737551812140775e-06;9.7687894151820107e-07,False,11,False
mono_prop,SK,X,8,exp_decay,1437811895.9146166,0.99999999999999989;0.068592139684050105,1.0243538346266938e-05;3.8163184394245429e-06,False,11,False
mono_prop,SK,X,8,exp_over_power,1437811896.2347307,0.99999999999999989;0.068589033029878302;2.0765094505161592e-17,0.00014491777347051888;8.1276883220179108e-05;0.00044267724005993562,False,11,False
mono_prop,SK,X,8,power_law,2089789605.5821586,0.99999999999999989;0.21227648832765494,1.3500562699497882e-05;1.594602715451575e-05,False,11,False
mono_prop,ThreeSAT,Grover,4,stretched_exp,265176.1565939448,0.99999999999999989;5.7172002383570914e-05;4.9999999999999991,4.8327146985887993e-05;2.2400866840656047e-06;0.018666053769464994,True,11,False
mono_prop,ThreeSAT,Grover,4,exp_quadratic,126502947.84525922,0.99999999999999989;0.01120116800740901,6.8932743692666216e-06;1.0761009471608959e-06,False,11,False
mono_prop,ThreeSAT,Grover,4,exp_decay,653766611.7678019,0.99999999999999989;0.036994052678413172,1.1613672545929984e-05;4.8490838168550717e-06,False,11,False
mono_prop,ThreeSAT,Grover,4,exp_over_power,653766611.8540559,0.99999999999999989;0.036992650415699907;8.9697196327214189e-16,0.0003119882932352511;0.00017057336738628603;0.00094171289890377491,False,11,False
mono_prop,ThreeSAT,Grover,4,power_law,836121992.1599481,0.99999999999999989;0.09528420243176175,1.6803497658467226e-05;2.195201531800843e-05,False,11,False
mono_prop,ThreeSAT,Grover,6,stretched_exp,296697.3554121459,0.99999999999999989;5.7985279645705065e-05;4.9999999999999991,4.7136756751131984e-05;2.1906641297179352e-06;0.018109648067356862,True,11,False
mono_prop,ThreeSAT,Grover,6,exp_quadratic,89000796.32436615,0.99999999999999989;0.008822358508800459,7.2278392931238987e-06;1.2185983274596192e-06,False,11,False
mono_prop,ThreeSAT,Grover,6,exp_over_power,332970629.57999593,0.99999999999999989;0.020665899137107639;1.2592166694010003e-13,0.00031727391013631448;0.00017582286048567651;0.00096421194414059923,False,11,False
mono_prop,ThreeSAT,Grover,6,exp_decay,332970629.6156686,0.99999999999999989;0.020666176695936581,1.4151237477176784e-05;6.3614458006792297e-06,False,11,False
mono_prop,ThreeSAT,Grover,6,power_law,384495114.7212677,0.99999999999999989;0.046172361219718794,2.2388913325783458e-05;3.0727420431067442e-05,False,11,False
mono_prop,ThreeSAT,Grover,8,stretched_exp,154418.14862154564,0.99999999999999989;4.1614171792273263e-05;4.9999999999994209,5.0300935196165079e-05;2.3072596226783669e-06;0.025823709754537821,True,11,False
mono_prop,ThreeSAT,Grover,8,exp_quadratic,36312330.25388601,0.99999999999999989;0.0047661620437737051,8.3333375001078963e-06;1.6183969803258342e-06,False,11,False
mono_prop,ThreeSAT,Grover,8,exp_decay,75491135.84522244,0.99999999999999989;0.0052716145817722345,2.5196757418216461e-05;1.2235587004159125e-05,False,11,False
mono_prop,ThreeSAT,Grover,8,exp_over_power,75491135.84528817,0.99999999999999989;0.005271623231863626;3.3015193028829173e-13,0.0006342784367393637;0.00034954329609379928;0.0019222759380557639,False,11,False
mono_prop,ThreeSAT,Grover,8,power_law,78460900.33423379,0.99999999999999989;0.0098933138736807223,4.5429638062385833e-05;6.481853552425099e-05,False,11,False
mono_prop,ThreeSAT,X,4,stretched_exp,1549540.366946875,0.99999999999999989;0.000145453715868854;4.9999999999999991,4.3407988319772741e-05;2.0967649574221106e-06;0.007453445171263221,True,11,False
mono_prop,ThreeSAT,X,4,exp_quadratic,506929534.0685898,0.99999999999999989;0.025541726239425327,6.6086927637017016e-06;8.2107020819792481e-07,False,11,False
mono_prop,ThreeSAT,X,4,exp_over_power,4686174250.788601,0.99999999999999989;0.16730829792031737;2.42056412550411e-17,9.7946212062259775e-05;5.6140341078384897e-05;0.00030203019142271959,False,11,False
mono_prop,ThreeSAT,X,4,exp_decay,4686174251.103839,0.99999999999999989;0.16729967625126776,1.0201553973201502e-05;2.9301648010203496e-06,False,11,False
mono_prop,ThreeSAT,X,4,power_law,7998401104.138271,0.99999999999999989;0.65691029851754212,1.3474616946201005e-05;1.2064846036786415e-05,False,11,False
mono_prop,ThreeSAT,X,6,stretched_exp,1581023.0245749825,0.99999999999999989;0.00014633580475028915;4.9999999999999991,4.5643548164781399e-05;2.2106560527285463e-06;0.0078376557615041278,True,10,False
mono_prop,ThreeSAT,X,6,exp_quadratic,454188854.87829787,0.99999999999999989;0.023701566388798452,6.6941285871347541e-06;8.7537647433496724e-07,False,10,False
mono_prop,ThreeSAT,X,6,exp_over_power,3573824184.6832466,0.99999999999999989;0.13419088986468722;1.9065938986122984e-16,0.00013261153117945405;8.3029151131821922e-05;0.00042995908046186882,False,10,False
mono_prop,ThreeSAT,X,6,exp_decay,3573824184.7180977,0.99999999999999989;0.13419088070207819,1.0212232314631333e-05;3.232726536460684e-06,False,10,False
mono_prop,ThreeSAT,X,6,power_law,5648049691.278801,0.99999999999999989;0.48481137692493581,1.3020528071195513e-05;1.2910561060924801e-05,False,10,False
mono_prop,ThreeSAT,X,8,stretched_exp,1227321.1692756373,0.99999999999999989;0.00012737486283152669;4.9999999999999991,4.4044276710012109e-05;2.1170906954849359e-06;0.0085147569642347997,True,11,False
mono_prop,ThreeSAT,X,8,exp_quadratic,427206584.30435914,0.99999999999999989;0.023320709439183043,6.5467432594249131e-06;8.1843668398508105e-07,False,11,False
mono_prop,ThreeSAT,X,8,exp_decay,4057033011.2846003,0.99999999999999989;0.15087605505584595,9.991221902927863e-06;2.9567487726952619e-06,False,11,False
mono_prop,ThreeSAT,X,8,exp_over_power,4057033012.0233545,0.99999999999999989;0.15086760601663859;1.3341221523533489e-18,0.00012449634343751184;6.9776019096593478e-05;0.00037997964845715436,False,11,False
mono_prop,ThreeSAT,X,8,power_law,6943754119.760466,0.99999999999999989;0.58368108182092859,1.3083851430621551e-05;1.213405343337565e-05,False,11,False
